ID,Question,Intent,Response,Source_ID,Status
1,Do diploma admissions at Galgotias University merit-based?,admission,Yes. Admission to diploma programmes at Galgotias University is based on merit in the qualifying examination.,S047,Verified - Official Source
2,Is diploma admissions at Galgotias University merit-based?,admission,Yes. Admission to diploma programmes at Galgotias University is based on merit in the qualifying examination.,S047,Verified - Official Source
3,Are diploma admissions at Galgotias University merit-based?,admission,Yes. Admission to diploma programmes at Galgotias University is based on merit in the qualifying examination.,S047,Verified - Official Source
4,Can I apply online?,admission,Please use Galgotias University's official admission information to check the currently available online application process.,S001,Added - Natural generic training example based on official-source intent
5,How can I apply online?,admission,Please use Galgotias University's official admission information to check the currently available online application process.,S001,Added - Natural generic training example based on official-source intent
6,Can I fill the admission form online?,admission,"Yes, you can fill out the Galgotias University admission form online. Visit the official university website, go to the admissions section, and select the online application option. Follow the instructions to complete the form and submit the required details.",S001,Added - Natural student question variation; source inherited from intent example
7,Is it possible to complete the admission form online?,admission,"Yes, you can fill out the Galgotias University admission form online. Visit the official university website, go to the admissions section, and select the online application option. Follow the instructions to complete the form and submit the required details.",S001,Added - Natural student question variation; source inherited from intent example
8,Can international students apply for admission to Galgotias University?,admission,"Yes. Galgotias University accepts applications from international and NRI students, subject to a separate eligibility and fee structure for foreign nationals.",S047,Verified - Official Source
9,Can students apply for admission through the university website?,admission,"Yes. Students can apply for admission to Galgotias University through the university’s official website. They can access the online admission form, enter the required information, upload the necessary documents, and submit their application online.",S001,Added - Natural student question variation; source inherited from intent example
10,Is admission available through the Galgotias University website?,admission,"Yes. Students can apply for admission to Galgotias University through the university’s official website. They can access the online admission form, enter the required information, upload the necessary documents, and submit their application online.",S001,Added - Natural student question variation; source inherited from intent example
11,Does Galgotias University accept CUET scores for admission?,admission,"Yes. Galgotias University accepts CUET UG and CUET PG scores for eligible undergraduate and postgraduate programmes, in addition to its own entrance tests.",S047,Verified - Official Source
12,Does Galgotias University have a separate admission test for management programmes?,admission,"Yes, GUMAT (Galgotias University Management Aptitude Test) is the university's own management entrance test, alongside acceptance of CAT/MAT/XAT/CMAT scores.",S047,Verified - Official Source
13,Does Galgotias University have an online admission process?,admission,Yes. The university provides an online application route for admission to its programs.,S001,Verified - Official Source
14,How can a new student apply for admission?,admission,"A new student can apply for admission to Galgotias University by visiting the university’s official website and completing the online application form. The student needs to provide the required personal and academic details, upload the necessary documents, and submit the application according to the admission instructions.",S001,Added - Natural student question variation; source inherited from intent example
15,What should a new student do to apply for admission?,admission,"A new student can apply for admission to Galgotias University by visiting the university’s official website and completing the online application form. The student needs to provide the required personal and academic details, upload the necessary documents, and submit the application according to the admission instructions.",S001,Added - Natural student question variation; source inherited from intent example
16,How can I apply for a programme at Galgotias University?,admission,"To apply for a programme at Galgotias University, visit the university’s admission portal and choose your preferred programme. Complete the application with your personal and educational details, provide the required documents, and submit the form online.",S001,Added - Natural student question variation; source inherited from intent example
17,What is the procedure for applying to a programme at Galgotias University?,admission,"To apply for a programme at Galgotias University, visit the university’s admission portal and choose your preferred programme. Complete the application with your personal and educational details, provide the required documents, and submit the form online.",S001,Added - Natural student question variation; source inherited from intent example
18,How can I apply for admission at Galgotias University?,admission,Students can register and apply through the university's online admission process by completing the application and submitting the required details.,S001,Verified - Official Source
19,How can I apply for admission from home?,admission,"You can apply for admission to Galgotias University from home by using the university’s online admission portal. Fill in the application form, enter your academic and personal details, upload the required documents, and submit the form online.",S001,Added - Natural student question variation; source inherited from intent example
20,Can I complete my Galgotias University admission application from home?,admission,"You can apply for admission to Galgotias University from home by using the university’s online admission portal. Fill in the application form, enter your academic and personal details, upload the required documents, and submit the form online.",S001,Added - Natural student question variation; source inherited from intent example
21,How can I apply for admission?,admission,You can follow the official Galgotias University admission process and registration instructions for your chosen programme.,S001,Added - Natural generic training example based on official-source intent
22,How can I submit my admission application?,admission,"You can submit your admission application to Galgotias University online through the university’s admission portal. Complete the required information, upload the necessary documents, review your application, and submit it according to the instructions provided.",S001,Added - Natural student question variation; source inherited from intent example
23,What is the procedure for submitting my admission application?,admission,"You can submit your admission application to Galgotias University online through the university’s admission portal. Complete the required information, upload the necessary documents, review your application, and submit it according to the instructions provided.",S001,Added - Natural student question variation; source inherited from intent example
24,How do I apply for admission to a specific programme?,admission,"To apply for a specific programme at Galgotias University, select the programme you are interested in through the university’s online admission portal. Complete the application form with the required details and documents, then submit it online following the admission instructions.",S001,Added - Natural student question variation; source inherited from intent example
25,What should I do to apply for a particular programme?,admission,"To apply for a specific programme at Galgotias University, select the programme you are interested in through the university’s online admission portal. Complete the application form with the required details and documents, then submit it online following the admission instructions.",S001,Added - Natural student question variation; source inherited from intent example
26,How do I apply to Galgotias University?,admission,"To apply to Galgotias University, visit the university’s official admission website and choose the programme you want to study. Fill out the online application form, provide your personal and academic information, upload the required documents, and submit the application.",S001,Added - Natural student question variation; source inherited from intent example
27,What is the procedure for applying to Galgotias University?,admission,"To apply to Galgotias University, visit the university’s official admission website and choose the programme you want to study. Fill out the online application form, provide your personal and academic information, upload the required documents, and submit the application.",S001,Added - Natural student question variation; source inherited from intent example
28,How do I complete the university admission form?,admission,"To complete the Galgotias University admission form, select your preferred programme and enter the required personal and academic details. Upload the requested documents, check that all information is correct, and submit the completed form through the online admission portal.",S001,Added - Natural student question variation; source inherited from intent example
29,What steps should I follow to complete the admission form?,admission,"To complete the Galgotias University admission form, select your preferred programme and enter the required personal and academic details. Upload the requested documents, check that all information is correct, and submit the completed form through the online admission portal.",S001,Added - Natural student question variation; source inherited from intent example
30,How do I get admission into Galgotias University?,admission,"You apply online through the Galgotias University admissions portal, complete the programme-specific application, pay the application fee, and go through the eligibility/entrance-exam route relevant to your chosen programme.",S001,Verified - Official Source
31,How do I get admission to Galgotias University?,admission,"Please follow Galgotias University's official admission procedure for your chosen programme, including checking eligibility, registration and the applicable admission requirements.",S001,Added - Natural generic training example based on official-source intent
32,How do I register for Galgotias University admission?,admission,"To register for Galgotias University admission, visit the university’s online admission portal and create an applicant account. Enter the required personal and academic information, select your preferred programme, and complete the registration process as instructed.",S001,Added - Natural student question variation; source inherited from intent example
33,What is the process for registering for admission at Galgotias University?,admission,"To register for Galgotias University admission, visit the university’s online admission portal and create an applicant account. Enter the required personal and academic information, select your preferred programme, and complete the registration process as instructed.",S001,Added - Natural student question variation; source inherited from intent example
34,How do I register on the Galgotias University admissions portal?,admission,"Applicants register on the official admissions portal by entering their personal details, verifying their email/mobile, and then proceeding to the programme application form.",S001,Verified - Official Source
35,How do I start my application for Galgotias University?,admission,"To start your application for Galgotias University, visit the university’s admission portal and register as a new applicant. After registration, select your desired programme and begin entering the required personal and academic information.",S001,Added - Natural student question variation; source inherited from intent example
36,What is the first step to begin my Galgotias University application?,admission,"To start your application for Galgotias University, visit the university’s admission portal and register as a new applicant. After registration, select your desired programme and begin entering the required personal and academic information.",S001,Added - Natural student question variation; source inherited from intent example
37,How does Galgotias University admit students to its Ph.D. programmes?,admission,Ph.D. admission is through the university's Ph.D. Entrance Test (PET) followed by an interview; candidates with a valid NET/JRF/SLET/GATE score or M.Phil are exempt from PET.,S047,Verified - Official Source
38,Is B.Arch admission at Galgotias University based on a national exam?,admission,Yes. Admission to B.Arch is based on NATA (National Aptitude Test in Architecture) scores.,S047,Verified - Official Source
39,Is Galgotias University's admission process online or offline?,admission,"Admission is offered through an online application process; applicants register on the official admissions portal, fill in their details, and pay the application fee.",S001,Verified - Official Source
40,Is there an online form for new applicants?,admission,"Yes, Galgotias University provides an online application process for new applicants. Students can register through the university’s admission portal, choose their preferred programme, and complete the application form with the required details.",S001,Added - Natural student question variation; source inherited from intent example
41,Can new applicants access an admission form online?,admission,"Yes, Galgotias University provides an online application process for new applicants. Students can register through the university’s admission portal, choose their preferred programme, and complete the application form with the required details.",S001,Added - Natural student question variation; source inherited from intent example
42,What are the basic steps for applying to the university?,admission,"The basic steps are to register on the Galgotias University admission portal, select your preferred programme, fill in your personal and academic details, upload the required documents, review the information, and submit the application online.",S001,Added - Natural student question variation; source inherited from intent example
43,What are the main steps a student needs to follow to apply to the university?,admission,"The basic steps are to register on the Galgotias University admission portal, select your preferred programme, fill in your personal and academic details, upload the required documents, review the information, and submit the application online.",S001,Added - Natural student question variation; source inherited from intent example
44,What do I need to do for admission?,admission,Check the official eligibility and admission requirements for your chosen programme and complete the prescribed application process.,S001,Added - Natural generic training example based on official-source intent
45,What documents are verified during the Galgotias University admission process?,admission,"The final stage of admission includes verification of academic certificates and mark sheets, along with payment of the applicable programme fee before classes commence.",S001,Verified - Official Source
46,What documents do I need for admission at Galgotias University?,admission,"Final admission typically requires verification of your academic certificates and mark sheets, submitted along with the programme fee before classes begin.",S001,Verified - Official Source
47,What documents or steps are needed to start my application?,admission,"To start an application at Galgotias University, you generally need to register on the online admission portal and keep your basic personal and academic information ready. You may also need to provide the required educational documents while completing the application. Follow the programme-specific instructions on the admission portal for the exact requirements.",S001,Added - Natural student question variation; source inherited from intent example
48,What do I need to provide or do before beginning my application?,admission,"To start an application at Galgotias University, you generally need to register on the online admission portal and keep your basic personal and academic information ready. You may also need to provide the required educational documents while completing the application. Follow the programme-specific instructions on the admission portal for the exact requirements.",S001,Added - Natural student question variation; source inherited from intent example
49,What happens after I start my admission application?,admission,"After starting your admission application at Galgotias University, you can continue by completing the required personal and academic details and providing the requested documents. Once the form is complete, review the information carefully and submit the application through the admission portal.",S001,Added - Natural student question variation; source inherited from intent example
50,What should I do once I have started my admission application?,admission,"After starting your admission application at Galgotias University, you can continue by completing the required personal and academic details and providing the requested documents. Once the form is complete, review the information carefully and submit the application through the admission portal.",S001,Added - Natural student question variation; source inherited from intent example
51,What happens after I submit my Galgotias University application form?,admission,"After submission, applicants are evaluated against the eligibility criteria for their chosen programme; eligible candidates then proceed to document verification and fee payment to confirm their seat.",S001,Verified - Official Source
52,What is the address of Galgotias University for admission correspondence?,admission,"Galgotias University's address is Plot No. 2, Sector 17-A, Yamuna Expressway, Greater Noida, Uttar Pradesh 203201.",S001,Verified - Official Source
53,What is the admission procedure for a new student?,admission,"The admission procedure for a new student at Galgotias University generally starts with online registration. The student can choose a programme, complete the application form, provide the required information and documents, and submit the application. Further steps depend on the programme and the university’s admission requirements.",S001,Added - Natural student question variation; source inherited from intent example
54,How does a new student go through the admission process?,admission,"The admission procedure for a new student at Galgotias University generally starts with online registration. The student can choose a programme, complete the application form, provide the required information and documents, and submit the application. Further steps depend on the programme and the university’s admission requirements.",S001,Added - Natural student question variation; source inherited from intent example
55,How i can find the admission process?,admission,You can find process online current admission process should be followed through Galgotias University's official admission information for the chosen programme.,S001,Added - Natural generic training example based on official-source intent
56,What is the admission process?,admission,The current admission process should be followed through Galgotias University's official admission information for the chosen programme.,S001,Added - Natural generic training example based on official-source intent
57,What is the application fee for admission at Galgotias University?,admission,"According to Galgotias University's official admissions portal, the application fee is Rs. 1,200 for the 2026-27 admission cycle.",S057,Verified - Official Source
58,What is the process to get admission in Galgotias University?,admission,"The admission process usually begins with registering on the Galgotias University admission portal. After registration, select your preferred programme, complete the application form, provide the required details and documents, and submit the application.",S001,Added - Natural student question variation; source inherited from intent example
59,How can a student go through the admission process at Galgotias University?,admission,"The admission process usually begins with registering on the Galgotias University admission portal. After registration, select your preferred programme, complete the application form, provide the required details and documents, and submit the application.",S001,Added - Natural student question variation; source inherited from intent example
60,What is the university's registration process for a new applicant?,admission,"New applicants register on the admissions portal with their personal and academic details, verify their contact information, and then proceed to fill out the programme-specific application form.",S001,Verified - Official Source
61,What programs does Galgotias University offer admission for?,admission,"Galgotias University accepts applications for a wide range of Bachelor's, Master's, Doctoral, diploma and certificate programs.",S001,Verified - Official Source
62,What should I do first to apply for a course?,admission,"The first step is to visit the Galgotias University admission portal and register as an applicant. Once registered, you can choose the course you want and begin filling out the application form.",S001,Added - Natural student question variation; source inherited from intent example
63,What is the first thing I need to do when applying for a course?,admission,"The first step is to visit the Galgotias University admission portal and register as an applicant. Once registered, you can choose the course you want and begin filling out the application form.",S001,Added - Natural student question variation; source inherited from intent example
64,What steps are involved in admission?,admission,"The main steps include online registration, selecting a programme, completing the application form, providing the required information and documents, and submitting the application. Additional steps may depend on the programme.",S001,Added - Natural student question variation; source inherited from intent example
65,Which steps does the admission process include?,admission,"The main steps include online registration, selecting a programme, completing the application form, providing the required information and documents, and submitting the application. Additional steps may depend on the programme.",S001,Added - Natural student question variation; source inherited from intent example
66,Where can I apply to Galgotias University?,admission,Use Galgotias University's official admission channels and follow the current application instructions.,S001,Added - Natural generic training example based on official-source intent
67,Where can I register as a new applicant?,admission,"New applicants can register through the official Galgotias University online admission portal. From there, students can create their applicant account and begin the admission process.",S001,Added - Natural student question variation; source inherited from intent example
68,Where should a new student register for an application?,admission,"New applicants can register through the official Galgotias University online admission portal. From there, students can create their applicant account and begin the admission process.",S001,Added - Natural student question variation; source inherited from intent example
69,Where do I start the admission process?,admission,You can start the Galgotias University admission process through the university's official online admission portal. Register as a new applicant and follow the instructions to proceed with your application.,S001,Added - Natural student question variation; source inherited from intent example
70,Where can I begin my university admission application?,admission,You can start the Galgotias University admission process through the university's official online admission portal. Register as a new applicant and follow the instructions to proceed with your application.,S001,Added - Natural student question variation; source inherited from intent example
71,Where is the Galgotias University application form available?,admission,The Galgotias University application form is available through the university's official online admission portal. Students can access the form after registering and then provide the required details to continue their application.,S001,Added - Natural student question variation; source inherited from intent example
72,Where can I find the Galgotias University admission application form?,admission,The Galgotias University application form is available through the university's official online admission portal. Students can access the form after registering and then provide the required details to continue their application.,S001,Added - Natural student question variation; source inherited from intent example
73,Which entrance exam is used for B.Tech admission at Galgotias University?,admission,B.Tech admission at Galgotias University is offered through the Galgotias University Engineering Entrance Exam (GUEE) or through a valid JEE Main score.,S047,Verified - Official Source
74,Which entrance exam is used for law programmes at Galgotias University?,admission,"Integrated law programmes (BA LLB Hons, BBA LLB Hons) admit through the Galgotias University Law School Admission Test (GULSAT), while LLB (Hons) uses CLAT/LSAT merit; CUET is also accepted.",S047,Verified - Official Source
75,Which entrance exam is used for MBA admission at Galgotias University?,admission,"MBA admission is offered through the Galgotias University Management Aptitude Test (GUMAT), or through valid CAT/MAT/XAT/CMAT scores.",S047,Verified - Official Source
76,Which national-level entrance exams does Galgotias University accept for engineering admission?,admission,"For B.Tech, Galgotias University accepts its own GUEE score or a valid JEE Main score.",S047,Verified - Official Source
77,Are B.Tech programmes available?,courses,"Yes, Galgotias University offers B.Tech programmes in various engineering specializations. Students can check the available branches and eligibility requirements through the university's programme information.",S003,Added - Natural student question variation; source inherited from intent example
78,Can students pursue B.Tech at Galgotias University?,courses,"Yes, Galgotias University offers B.Tech programmes in various engineering specializations. Students can check the available branches and eligibility requirements through the university's programme information.",S003,Added - Natural student question variation; source inherited from intent example
79,Are BBA programs available at Galgotias University?,courses,"Yes. The university offers BBA programs in areas such as Business Analytics, Digital Marketing, Banking and Financial Services, Aviation and other specializations.",S003,Verified - Official Source
80,Are law courses available at Galgotias University?,courses,"Yes, students can pursue law-related programmes at Galgotias University. The university offers programmes in the field of law at different academic levels.",S003,Added - Natural student question variation; source inherited from intent example
81,Does Galgotias University have any programmes related to law?,courses,"Yes, students can pursue law-related programmes at Galgotias University. The university offers programmes in the field of law at different academic levels.",S003,Added - Natural student question variation; source inherited from intent example
82,Are there different courses in engineering and management?,courses,"Yes, Galgotias University provides multiple programme options in both engineering and management, allowing students to choose a field according to their interests and career goals.",S003,Added - Natural student question variation; source inherited from intent example
83,What study options are offered in engineering and management?,courses,"Yes, Galgotias University provides multiple programme options in both engineering and management, allowing students to choose a field according to their interests and career goals.",S003,Added - Natural student question variation; source inherited from intent example
84,Are there integrated dual-degree programmes at Galgotias University?,courses,"Yes. Galgotias University offers integrated programmes such as BCA+MCA and B.Tech CSE + M.Tech, alongside standalone degrees.",S003,Verified - Official Source
85,Are there master's programmes available?,courses,"Yes, postgraduate programmes are available at Galgotias University in several academic disciplines. The exact programmes depend on the field of study and current offerings.",S003,Added - Natural student question variation; source inherited from intent example
86,Can I pursue a master's degree at Galgotias University?,courses,"Yes, postgraduate programmes are available at Galgotias University in several academic disciplines. The exact programmes depend on the field of study and current offerings.",S003,Added - Natural student question variation; source inherited from intent example
87,Can I study BCA at Galgotias University?,courses,"Yes, BCA is among the computer-related undergraduate programmes offered by Galgotias University. Students interested in computer applications can explore the programme details and admission requirements.",S003,Added - Natural student question variation; source inherited from intent example
88,Is BCA offered as a programme at Galgotias University?,courses,"Yes, BCA is among the computer-related undergraduate programmes offered by Galgotias University. Students interested in computer applications can explore the programme details and admission requirements.",S003,Added - Natural student question variation; source inherited from intent example
89,Can I study science at the university?,courses,"Yes, Galgotias University offers programmes related to science and other academic disciplines. Students can review the available science programmes to find one that matches their interests.",S003,Added - Natural student question variation; source inherited from intent example
90,Does the university have programmes for students interested in science?,courses,"Yes, Galgotias University offers programmes related to science and other academic disciplines. Students can review the available science programmes to find one that matches their interests.",S003,Added - Natural student question variation; source inherited from intent example
91,Does Galgotias University have a computer science course?,courses,"Yes. Galgotias University offers B.Tech in Computer Science and Engineering, along with specializations in AI & Machine Learning, Data Science, and Cyber Security.",S003,Verified - Official Source
92,Does Galgotias University have a School of Business?,courses,"Yes. Management programmes such as BBA and MBA are offered under Galgotias Business School, one of the university's constituent schools.",S003,Verified - Official Source
93,Does Galgotias University offer a B.Ed programme?,courses,Yes. The university offers B.Ed and M.Ed teacher-education programmes through its School of Education.,S003,Verified - Official Source
94,Does Galgotias University offer a PhD in Mass Communication?,courses,"Yes, Mass Communication is one of the more than 30 PhD subjects offered at Galgotias University, alongside disciplines like Psychology, English, Political Science, and Economics.",S048,Verified - Official Source
95,Does Galgotias University offer agriculture programmes?,courses,Yes. The university offers a B.Sc (Hons.) Agriculture programme under its agricultural sciences school.,S003,Verified - Official Source
96,Does Galgotias University offer an integrated MBA programme?,courses,Yes. Galgotias University offers an integrated BBA+MBA programme in addition to the standalone MBA.,S003,Verified - Official Source
97,Does Galgotias University offer an MBA programme?,courses,Yes. Galgotias University offers a full-time MBA programme along with specialised and integrated MBA options through Galgotias Business School.,S003,Verified - Official Source
98,Does Galgotias University offer B.Com programmes?,courses,"Yes. Galgotias University offers B.Com (Hons.) programmes, including specializations such as International Accounting & Finance and Financial Markets.",S003,Verified - Official Source
99,Does Galgotias University offer B.Pharm and M.Pharm programs?,courses,Yes. Galgotias University offers pharmacy programmes including B.Pharm and M.Pharm through its School of Pharmacy.,S003,Verified - Official Source
100,Does Galgotias University offer B.Sc Fashion Design?,courses,Yes. Galgotias University offers a B.Sc Fashion Design programme.,S003,Verified - Official Source
101,Does Galgotias University offer B.Tech programs?,courses,"Yes. The university offers several B.Tech programs, including Computer Science and Engineering, Data Science, Artificial Intelligence and Machine Learning, Mechanical Engineering and more.",S003,Verified - Official Source
102,Does Galgotias University offer BA programmes?,courses,"Yes. Galgotias University offers BA programmes under its School of Liberal Arts, alongside integrated options such as BA LL.B. (Hons.).",S003,Verified - Official Source
103,Does Galgotias University offer BCA?,courses,"Yes. Galgotias University offers BCA and specialized BCA programs, including Data Analytics, Artificial Intelligence and Machine Learning, Cyber Security and Cloud Computing.",S003,Verified - Official Source
104,Does Galgotias University offer computer-related courses?,courses,"Yes, the university offers several programmes related to computers and information technology. These programmes cover areas such as computer applications, computing, and related technologies.",S003,Added - Natural student question variation; source inherited from intent example
105,What computer and technology programmes are available at Galgotias University?,courses,"Yes, the university offers several programmes related to computers and information technology. These programmes cover areas such as computer applications, computing, and related technologies.",S003,Added - Natural student question variation; source inherited from intent example
106,Does Galgotias University offer design programs?,courses,"Yes. The university offers Bachelor of Design (B.Des) programmes, including specializations such as Interior Design.",S003,Verified - Official Source
107,Does Galgotias University offer diploma courses?,courses,Yes. The university lists diploma programs through Galgotias Polytechnic and the Department of University Polytechnic.,S003,Verified - Official Source
108,Does Galgotias University offer diploma programmes?,courses,Galgotias University has programme options at different academic levels. Students interested in diploma-level study should check the current programme list for available diploma courses.,S003,Added - Natural student question variation; source inherited from intent example
109,Are diploma-level programmes offered by Galgotias University?,courses,Galgotias University has programme options at different academic levels. Students interested in diploma-level study should check the current programme list for available diploma courses.,S003,Added - Natural student question variation; source inherited from intent example
110,Does Galgotias University offer hotel management programmes?,courses,Yes. Galgotias University offers a Bachelor of Hotel Management (BHM) programme under its School of Hospitality.,S003,Verified - Official Source
111,Does Galgotias University offer science programs?,courses,"Yes. The university lists multiple B.Sc., M.Sc. and related science programs across areas such as Computer Science, Biotechnology, Mathematics, Physics, Chemistry and Life Sciences.",S003,Verified - Official Source
112,Does the university offer BBA programmes?,courses,"Yes, students can pursue BBA programmes at Galgotias University. The programme is designed for students who want to develop knowledge in business and management.",S003,Added - Natural student question variation; source inherited from intent example
113,Is there a BBA programme available at the university?,courses,"Yes, students can pursue BBA programmes at Galgotias University. The programme is designed for students who want to develop knowledge in business and management.",S003,Added - Natural student question variation; source inherited from intent example
114,Does the university offer law programs?,courses,Yes. Programs listed include LL.B. (Hons.) and integrated BBA + LL.B. and BA + LL.B. programs.,S003,Verified - Official Source
115,Does the university offer undergraduate courses?,courses,"Yes, Galgotias University offers a range of undergraduate programmes across different fields of study, including technology, management, computer applications, law, and other disciplines.",S003,Added - Natural student question variation; source inherited from intent example
116,Can I find undergraduate study options at Galgotias University?,courses,"Yes, Galgotias University offers a range of undergraduate programmes across different fields of study, including technology, management, computer applications, law, and other disciplines.",S003,Added - Natural student question variation; source inherited from intent example
117,How many PhD disciplines does Galgotias University have?,courses,Galgotias University offers PhD admissions across more than 30 subjects.,S048,Verified - Official Source
118,Is M.Tech offered at Galgotias University?,courses,Yes. Galgotias University offers M.Tech programmes across multiple engineering specializations for students with a qualifying B.E./B.Tech degree.,S003,Verified - Official Source
119,Tell me about the available courses.,courses,Galgotias University's official programme pages provide the current list of available courses and programmes.,S003,Added - Natural generic training example based on official-source intent
120,What can I study at Galgotias University?,courses,You can check the official programme listings to see the current academic programmes offered by the university.,S003,Added - Natural generic training example based on official-source intent
121,What courses are available at Galgotias University?,courses,"Galgotias University offers programmes across numerous academic areas. Students can explore fields such as engineering, management, computer applications, law, science, and other disciplines.",S003,Added - Natural student question variation; source inherited from intent example
122,Which study programmes can I choose from at Galgotias University?,courses,"Galgotias University offers programmes across numerous academic areas. Students can explore fields such as engineering, management, computer applications, law, science, and other disciplines.",S003,Added - Natural student question variation; source inherited from intent example
123,What courses are offered?,courses,Galgotias University offers programmes across multiple academic areas and levels. Please check the official programme listings for the current courses available.,S003,Added - Natural generic training example based on official-source intent
124,What courses can I study at Galgotias University?,courses,"Galgotias University offers a wide range of courses across engineering, computer applications, management, law, design, sciences, agriculture, hospitality, media, and more — spanning Bachelor's, Master's, diploma, certificate, and PhD levels.",S003,Verified - Official Source
125,What degree programmes are available?,courses,"Students can find undergraduate, postgraduate, and other degree-level programmes at Galgotias University. The available choices vary depending on the academic discipline.",S003,Added - Natural student question variation; source inherited from intent example
126,What degree options does Galgotias University provide?,courses,"Students can find undergraduate, postgraduate, and other degree-level programmes at Galgotias University. The available choices vary depending on the academic discipline.",S003,Added - Natural student question variation; source inherited from intent example
127,What is the duration of the B.Tech programme at Galgotias University?,courses,"Please check the official programme information for the exact duration of the specific B.Tech programme you are interested in, as programme duration and entry mode should be confirmed from the current official listing.",S003,Corrected - Requires programme-specific official confirmation
128,What PhD subjects are offered at Galgotias University?,courses,"Galgotias University offers PhD programs across more than 30 subjects spanning sciences, humanities, and professional disciplines such as Psychology, English, Political Science, Economics, and Mass Communication.",S048,Verified - Official Source
129,What postgraduate courses can I study?,courses,Galgotias University provides postgraduate study options in several areas. Students can check the university's current programme list to identify master's programmes related to their chosen field.,S003,Added - Natural student question variation; source inherited from intent example
130,Which postgraduate programmes are available for students?,courses,Galgotias University provides postgraduate study options in several areas. Students can check the university's current programme list to identify master's programmes related to their chosen field.,S003,Added - Natural student question variation; source inherited from intent example
131,What programs are available?,courses,The current programmes available at Galgotias University are listed on the university's official programme information pages.,S003,Added - Natural generic training example based on official-source intent
132,What schools does Galgotias University have?,courses,"Galgotias University is organised into multiple schools, including Engineering & Technology, Computer Applications, Management, Law, Liberal Arts, Hospitality, Architecture, Mass Communication, Agricultural Sciences, and Pharmacy.",S003,Verified - Official Source
133,What specializations are available under B.Tech Computer Science at Galgotias University?,courses,"B.Tech Computer Science and Engineering at Galgotias University is offered with specializations including Artificial Intelligence and Machine Learning, Data Science, Cyber Security, and Internet of Things.",S003,Verified - Official Source
134,What types of programmes does the university have?,courses,"The university offers programmes at different academic levels, including undergraduate and postgraduate studies, along with programmes in various professional and academic fields.",S003,Added - Natural student question variation; source inherited from intent example
135,What kinds of academic programmes are offered by the university?,courses,"The university offers programmes at different academic levels, including undergraduate and postgraduate studies, along with programmes in various professional and academic fields.",S003,Added - Natural student question variation; source inherited from intent example
136,Where can I see the list of available programmes?,courses,You can view the available Galgotias University programmes through the university's official website and programme listings. The list provides information about different courses and fields of study.,S003,Added - Natural student question variation; source inherited from intent example
137,How can I find the complete list of programmes offered by Galgotias University?,courses,You can view the available Galgotias University programmes through the university's official website and programme listings. The list provides information about different courses and fields of study.,S003,Added - Natural student question variation; source inherited from intent example
138,Which courses can I study at Galgotias University?,courses,Please refer to the official programme listings for the current courses and programmes available.,S003,Added - Natural generic training example based on official-source intent
139,Which programmes does Galgotias University offer?,courses,"Galgotias University offers a broad selection of programmes covering areas such as engineering, management, computer applications, law, science, and other subjects.",S003,Added - Natural student question variation; source inherited from intent example
140,What programmes can students pursue at Galgotias University?,courses,"Galgotias University offers a broad selection of programmes covering areas such as engineering, management, computer applications, law, science, and other subjects.",S003,Added - Natural student question variation; source inherited from intent example
141,Which programs does the university offer?,courses,The official Galgotias University programme pages list the current programmes offered.,S003,Added - Natural generic training example based on official-source intent
142,Which subjects can I choose from at the university?,courses,"Students can choose from subjects and programmes offered in several fields, including technology, business, computer applications, law, science, and other areas depending on the university's current offerings.",S003,Added - Natural student question variation; source inherited from intent example
143,What fields of study are available for students to choose from?,courses,"Students can choose from subjects and programmes offered in several fields, including technology, business, computer applications, law, science, and other areas depending on the university's current offerings.",S003,Added - Natural student question variation; source inherited from intent example
144,Am I eligible for admission?,eligibility,You can determine this by comparing your qualifications with the official eligibility criteria for your chosen programme.,S047,Added - Natural generic training example based on official-source intent
145,Am I eligible to join Galgotias University?,eligibility,"Eligibility depends on your chosen programme — most UG programmes require a Class 12 pass meeting the university's minimum criteria plus a relevant entrance exam (GUEE, JEE Main, NATA, etc.), while PG and PhD programmes have their own qualifying-degree and entrance-test requirements.",S047,Verified - Official Source
146,Are foreign nationals eligible for Galgotias University's regular programs?,eligibility,Yes. Foreign nationals and NRIs are eligible for Galgotias University's regular programs provided they have completed 12 years of schooling.,S047,Verified - Official Source
147,Are there different eligibility rules for different courses?,eligibility,Yes. Eligibility requirements can vary between programmes at Galgotias University. Students should check the specific criteria for the course they wish to pursue.,S047,Added - Natural student question variation; source inherited from intent example
148,Does each course at Galgotias University have its own eligibility requirements?,eligibility,Yes. Eligibility requirements can vary between programmes at Galgotias University. Students should check the specific criteria for the course they wish to pursue.,S047,Added - Natural student question variation; source inherited from intent example
149,Can graduates apply directly for PG programmes at Galgotias University?,eligibility,Yes. Bachelor's degree holders in the relevant field are eligible to apply for postgraduate (PG) degree programmes at Galgotias University.,S047,Verified - Official Source
150,Can I apply for my chosen course with my qualification?,eligibility,Your eligibility depends on the academic requirements of the selected programme. Check the course-specific eligibility criteria to see whether your qualification meets the requirements.,S047,Added - Natural student question variation; source inherited from intent example
151,Does my current qualification allow me to apply for the course I have selected?,eligibility,Your eligibility depends on the academic requirements of the selected programme. Check the course-specific eligibility criteria to see whether your qualification meets the requirements.,S047,Added - Natural student question variation; source inherited from intent example
152,Can I apply if I meet the course requirements?,eligibility,"Yes, if you satisfy the eligibility conditions for your chosen programme, you can proceed with the admission application.",S047,Added - Natural student question variation; source inherited from intent example
153,Am I allowed to submit an application once I satisfy the course requirements?,eligibility,"Yes, if you satisfy the eligibility conditions for your chosen programme, you can proceed with the admission application.",S047,Added - Natural student question variation; source inherited from intent example
154,Can I apply with my current qualification?,eligibility,You can apply if your existing educational qualification meets the requirements specified for the programme you have selected.,S047,Added - Natural student question variation; source inherited from intent example
155,Is my existing qualification sufficient to apply for admission?,eligibility,You can apply if your existing educational qualification meets the requirements specified for the programme you have selected.,S047,Added - Natural student question variation; source inherited from intent example
156,Can I check my eligibility?,eligibility,Yes. Please check the official eligibility requirements for the specific programme you want to apply for.,S047,Added - Natural generic training example based on official-source intent
157,Can NRIs apply to Galgotias University's full-time programs?,eligibility,"Yes. NRIs can apply to Galgotias University's regular full-time programs, subject to having completed 12 years of schooling.",S047,Verified - Official Source
158,Do eligibility rules depend on the course?,eligibility,"Yes, admission eligibility is generally programme-specific. Different courses may have different educational qualifications, subjects, or marks requirements.",S047,Added - Natural student question variation; source inherited from intent example
159,Are admission requirements different depending on the programme?,eligibility,"Yes, admission eligibility is generally programme-specific. Different courses may have different educational qualifications, subjects, or marks requirements.",S047,Added - Natural student question variation; source inherited from intent example
160,Do I need a BCI-recognised LLB to apply for LLM at Galgotias University?,eligibility,Yes. Applicants for the LLM programme at Galgotias University must hold an LLB from a university recognised by the Bar Council of India.,S047,Verified - Official Source
161,Do PhD applicants need a master's degree to apply at Galgotias University?,eligibility,"Yes, PhD applicants generally need a master's degree in the relevant subject, along with qualifying the PhD Entrance Test (PET) or holding a valid NET/JRF/SLET/GATE score.",S047,Verified - Official Source
162,Does every programme have the same eligibility criteria?,eligibility,"No. The eligibility criteria may differ from one programme to another, so applicants should review the requirements for their particular course.",S047,Added - Natural student question variation; source inherited from intent example
163,Are the eligibility requirements identical for all programmes?,eligibility,"No. The eligibility criteria may differ from one programme to another, so applicants should review the requirements for their particular course.",S047,Added - Natural student question variation; source inherited from intent example
164,Does Galgotias University accept NET or GATE scores for PhD admission?,eligibility,Yes. Candidates with a valid NET/JRF/SLET/GATE score are exempt from the university's PhD Entrance Test (PET).,S047,Verified - Official Source
165,Does Galgotias University require a qualifying entrance score for every programme?,eligibility,"Most flagship programmes (B.Tech, B.Arch, MBA, Law, PhD) require a qualifying entrance exam score, while some UG/PG programmes admit primarily on academic merit.",S047,Verified - Official Source
166,How can I check whether I qualify for a programme?,eligibility,Select the programme you are interested in and review its eligibility requirements on the Galgotias University website. Compare those requirements with your educational qualifications.,S047,Added - Natural student question variation; source inherited from intent example
167,What can I do to find out if I meet a programme's eligibility requirements?,eligibility,Select the programme you are interested in and review its eligibility requirements on the Galgotias University website. Compare those requirements with your educational qualifications.,S047,Added - Natural student question variation; source inherited from intent example
168,How can I confirm my eligibility before applying?,eligibility,"Before submitting an application, check the eligibility section for your chosen programme and make sure your qualification and other requirements match the stated criteria.",S047,Added - Natural student question variation; source inherited from intent example
169,What is the best way to verify my eligibility before submitting an application?,eligibility,"Before submitting an application, check the eligibility section for your chosen programme and make sure your qualification and other requirements match the stated criteria.",S047,Added - Natural student question variation; source inherited from intent example
170,How do I know if I am eligible?,eligibility,You can determine your eligibility by checking the admission requirements listed for your selected programme at Galgotias University.,S047,Added - Natural student question variation; source inherited from intent example
171,How can I find out whether I meet the admission requirements?,eligibility,You can determine your eligibility by checking the admission requirements listed for your selected programme at Galgotias University.,S047,Added - Natural student question variation; source inherited from intent example
172,How many years of schooling do international students need for Galgotias University admission?,eligibility,International students need 12 years of completed schooling to be eligible for Galgotias University's regular programs.,S047,Verified - Official Source
173,Is a bachelor's degree required for MBA eligibility at Galgotias University?,eligibility,"Yes, a bachelor's degree is required for MBA eligibility, along with a valid score in GUMAT, CAT, MAT, XAT or CMAT.",S047,Verified - Official Source
174,Is a master's degree required for Galgotias University's research programmes?,eligibility,"Yes. For Research/PhD programs, a master's degree in the relevant subject is generally required, alongside qualifying PET or an accepted national-level score.",S047,Verified - Official Source
175,Is CLAT compulsory for all law programmes at Galgotias University?,eligibility,"CLAT is one accepted route for LL.B. (Hons.) admission; LSAT is also accepted, and integrated law programmes can additionally use the university's own GULSAT.",S047,Verified - Official Source
176,Is there a minimum percentage required?,eligibility,"Some programmes may specify minimum marks or percentage requirements. The required percentage can vary by course, so applicants should check the criteria for their chosen programme.",S047,Added - Natural student question variation; source inherited from intent example
177,Do applicants need to achieve a certain percentage of marks for admission?,eligibility,"Some programmes may specify minimum marks or percentage requirements. The required percentage can vary by course, so applicants should check the criteria for their chosen programme.",S047,Added - Natural student question variation; source inherited from intent example
178,What are the admission requirements for my course?,eligibility,"The requirements depend on the programme you want to join. They may include a particular educational qualification, subjects studied, and minimum marks.",S047,Added - Natural student question variation; source inherited from intent example
179,Which requirements do I need to fulfil for the course I want to join?,eligibility,"The requirements depend on the programme you want to join. They may include a particular educational qualification, subjects studied, and minimum marks.",S047,Added - Natural student question variation; source inherited from intent example
180,What are the basic requirements to apply?,eligibility,Applicants generally need to meet the educational and programme-specific eligibility conditions before applying for admission. The exact requirements depend on the selected course.,S047,Added - Natural student question variation; source inherited from intent example
181,What do I need to have in order to submit an admission application?,eligibility,Applicants generally need to meet the educational and programme-specific eligibility conditions before applying for admission. The exact requirements depend on the selected course.,S047,Added - Natural student question variation; source inherited from intent example
182,What are the eligibility criteria?,eligibility,Eligibility depends on the programme. Please check Galgotias University's official eligibility requirements for your chosen course.,S047,Added - Natural generic training example based on official-source intent
183,What are the eligibility requirements for admission?,eligibility,"Galgotias University has programme-specific eligibility criteria. Students should check the qualification, marks, and other conditions applicable to their chosen programme.",S047,Added - Natural student question variation; source inherited from intent example
184,Which criteria must a student meet to be eligible for admission?,eligibility,"Galgotias University has programme-specific eligibility criteria. Students should check the qualification, marks, and other conditions applicable to their chosen programme.",S047,Added - Natural student question variation; source inherited from intent example
185,What are the requirements for LLM admission at Galgotias University?,eligibility,"To apply for the LLM program at Galgotias University, a candidate must have completed an LLB from a university recognised by the Bar Council of India.",S047,Verified - Official Source
186,What are the requirements to be eligible?,eligibility,The requirements vary by programme and are provided in the university's official eligibility information.,S047,Added - Natural generic training example based on official-source intent
187,What do I need to be eligible for admission?,eligibility,You need to satisfy the academic requirements specified for your selected programme. Review the course eligibility details before submitting your application.,S047,Added - Natural student question variation; source inherited from intent example
188,What conditions must I satisfy to qualify for admission?,eligibility,You need to satisfy the academic requirements specified for your selected programme. Review the course eligibility details before submitting your application.,S047,Added - Natural student question variation; source inherited from intent example
189,What educational qualification is needed?,eligibility,The required educational qualification depends on the programme. Different undergraduate and postgraduate courses may have different academic requirements.,S047,Added - Natural student question variation; source inherited from intent example
190,Which academic qualification is required for the programme?,eligibility,The required educational qualification depends on the programme. Different undergraduate and postgraduate courses may have different academic requirements.,S047,Added - Natural student question variation; source inherited from intent example
191,What is required for PhD admission at Galgotias University?,eligibility,"Galgotias University's PhD admissions are open across more than 30 subjects, including Psychology, English, Political Science, Economics and Mass Communication, and require qualifying the university's PhD Entrance Test (PET) or holding a valid NET/JRF/SLET/GATE score.",S047,Verified - Official Source
192,What is the eligibility criterion for MBA admission at Galgotias University?,eligibility,"MBA applicants need a bachelor's degree along with a valid score in GUMAT, CAT, MAT, XAT or CMAT.",S047,Verified - Official Source
193,What is the eligibility for B.Arch at Galgotias University?,eligibility,"Admission to B.Arch at Galgotias University is based on NATA scores, along with the relevant Class 12 qualification with Mathematics.",S047,Verified - Official Source
194,What is the eligibility for integrated law programmes like BA LLB at Galgotias University?,eligibility,"Integrated law programmes such as BA LLB (Hons.) and BBA LLB (Hons.) admit through the university's own GULSAT test or an accepted equivalent, along with the relevant Class 12 qualification.",S047,Verified - Official Source
195,What is the eligibility for LL.B. (Hons.) admission at Galgotias University?,eligibility,"LL.B. (Hons.) admission is based on merit in CLAT/LSAT, along with the relevant Class 12 qualification.",S047,Verified - Official Source
196,What is the eligibility for the LLM program at Galgotias University?,eligibility,Eligibility for the LLM programme requires an LLB from a Bar Council of India recognised university.,S047,Verified - Official Source
197,What is the minimum eligibility for B.Tech admission at Galgotias University?,eligibility,"For B.Tech admission, candidates must pass Class 12 with Physics, Chemistry/Biology and Mathematics as compulsory subjects, meeting the minimum percentage set by the university, and qualify through GUEE or JEE Main.",S047,Verified - Official Source
198,What is the minimum qualification needed?,eligibility,The minimum qualification is determined by the programme you are applying for. Check the specific course requirements to find out which qualification is accepted.,S047,Added - Natural student question variation; source inherited from intent example
199,What is the lowest educational qualification accepted for admission?,eligibility,The minimum qualification is determined by the programme you are applying for. Check the specific course requirements to find out which qualification is accepted.,S047,Added - Natural student question variation; source inherited from intent example
200,What is the PhD Entrance Test at Galgotias University?,eligibility,"The PhD Entrance Test (PET) is Galgotias University's own qualifying test for PhD admission, required unless the candidate holds a valid NET/JRF/SLET/GATE score.",S047,Verified - Official Source
201,What is the schooling requirement for NRI students applying to Galgotias University?,eligibility,"For Galgotias University's regular programs, foreign nationals and NRIs must have completed 12 years of schooling to be eligible for admission.",S047,Verified - Official Source
202,What marks are required for admission?,eligibility,The minimum marks requirement can differ depending on the programme. Applicants should refer to the eligibility criteria of their chosen course for the applicable requirement.,S047,Added - Natural student question variation; source inherited from intent example
203,How many marks must I have to qualify for admission?,eligibility,The minimum marks requirement can differ depending on the programme. Applicants should refer to the eligibility criteria of their chosen course for the applicable requirement.,S047,Added - Natural student question variation; source inherited from intent example
204,What qualifications do I need for admission?,eligibility,You need the educational qualification specified for your selected programme. The required qualification may differ depending on the level and field of study.,S047,Added - Natural student question variation; source inherited from intent example
205,Which academic qualifications are accepted for admission?,eligibility,You need the educational qualification specified for your selected programme. The required qualification may differ depending on the level and field of study.,S047,Added - Natural student question variation; source inherited from intent example
206,What qualifications do I need?,eligibility,The required qualifications depend on the programme. Please check the official programme eligibility criteria.,S047,Added - Natural generic training example based on official-source intent
207,What should I check before applying for a course?,eligibility,"Before applying, check the programme's eligibility criteria, including the required qualification, subjects, minimum marks, and any other admission conditions.",S047,Added - Natural student question variation; source inherited from intent example
208,Which eligibility details should I review before choosing to apply for a course?,eligibility,"Before applying, check the programme's eligibility criteria, including the required qualification, subjects, minimum marks, and any other admission conditions.",S047,Added - Natural student question variation; source inherited from intent example
209,What should I check to make sure I meet the admission criteria?,eligibility,Review the eligibility information for your chosen programme and compare your academic background with the listed requirements before completing the application.,S047,Added - Natural student question variation; source inherited from intent example
210,How can I verify that I satisfy all the requirements for admission?,eligibility,Review the eligibility information for your chosen programme and compare your academic background with the listed requirements before completing the application.,S047,Added - Natural student question variation; source inherited from intent example
211,Where can I check the eligibility criteria?,eligibility,"You can check the eligibility criteria for a programme on the official Galgotias University website, under the information provided for that particular programme.",S047,Added - Natural student question variation; source inherited from intent example
212,Where can I find the eligibility information for my chosen programme?,eligibility,"You can check the eligibility criteria for a programme on the official Galgotias University website, under the information provided for that particular programme.",S047,Added - Natural student question variation; source inherited from intent example
213,Who can apply to Galgotias University?,eligibility,Students who meet the eligibility requirements of their chosen programme can apply to Galgotias University. The specific criteria depend on the course and level of study.,S047,Added - Natural student question variation; source inherited from intent example
214,What type of students are eligible to apply to Galgotias University?,eligibility,Students who meet the eligibility requirements of their chosen programme can apply to Galgotias University. The specific criteria depend on the course and level of study.,S047,Added - Natural student question variation; source inherited from intent example
215,Who is eligible to apply?,eligibility,Applicants should meet the official eligibility requirements for the programme they want to join.,S047,Added - Natural generic training example based on official-source intent
216,Can I appear for the semester exam with less than 75% attendance?,examination,No. Galgotias University requires a minimum of 75% attendance in each individual course to be eligible for the SEE/ETE.,S058,Verified - Official Source
217,Can I apply for revaluation of my answer script at Galgotias University?,examination,"Yes. Every student is eligible to apply for revaluation of answer booklets in all theory courses, for any number of subjects, along with the prescribed fee, within the notified deadline from the Controller of Examinations (COE).",S058,Verified - Official Source
218,Can I apply for revaluation?,examination,"Yes, students may be able to request revaluation of their examination results according to the university's examination rules. The application must be submitted through the prescribed process within the specified period.",S058,Added - Natural student question variation; source inherited from intent example
219,Is it possible to request a revaluation of my exam marks?,examination,"Yes, students may be able to request revaluation of their examination results according to the university's examination rules. The application must be submitted through the prescribed process within the specified period.",S058,Added - Natural student question variation; source inherited from intent example
220,Does Galgotias University follow absolute or relative grading?,examination,Galgotias University follows a Relative Grading System for determining pass/fail and letter grades.,S058,Verified - Official Source
221,How are internal and end-semester marks divided?,examination,The distribution of internal assessment and end-semester examination marks depends on the course and applicable academic regulations. Students should refer to the assessment scheme for their programme.,S058,Added - Natural student question variation; source inherited from intent example
222,What is the mark distribution between internal assessment and semester-end exams?,examination,The distribution of internal assessment and end-semester examination marks depends on the course and applicable academic regulations. Students should refer to the assessment scheme for their programme.,S058,Added - Natural student question variation; source inherited from intent example
223,How are lab courses evaluated at Galgotias University?,examination,"For laboratory courses, CIE (lab work/record plus a lab test) accounts for 50 marks and the SEE lab exam accounts for 50 marks, for a total of 100; lab work is worth 15 marks and the lab record 10 marks within CIE.",S058,Verified - Official Source
224,How are lab exams evaluated?,examination,Laboratory examinations are generally assessed based on practical performance and other components specified for the course. The exact evaluation method may vary by programme.,S058,Added - Natural student question variation; source inherited from intent example
225,What criteria are used to assess laboratory examinations?,examination,Laboratory examinations are generally assessed based on practical performance and other components specified for the course. The exact evaluation method may vary by programme.,S058,Added - Natural student question variation; source inherited from intent example
226,How are students assessed in exams?,examination,"Students may be evaluated through different assessment components, such as internal assessments, practical or laboratory work, and end-semester examinations, depending on their programme.",S058,Added - Natural student question variation; source inherited from intent example
227,What methods are used to evaluate students during examinations?,examination,"Students may be evaluated through different assessment components, such as internal assessments, practical or laboratory work, and end-semester examinations, depending on their programme.",S058,Added - Natural student question variation; source inherited from intent example
228,How can I check my exam results at Galgotias University?,examination,"For examination results and grade-related information, students should use the official Examination Cell or authorised student systems and follow the university's current result-related instructions.",S058,Corrected - Official process wording made conservative
229,How can I check my exam results?,examination,You can check your examination results through the university's designated result or student portal. Use your required login details to access the available result information.,S058,Added - Natural student question variation; source inherited from intent example
230,Where can I view my examination results?,examination,You can check your examination results through the university's designated result or student portal. Use your required login details to access the available result information.,S058,Added - Natural student question variation; source inherited from intent example
231,How can I check the exam schedule?,examination,Please check the university's current official examination schedule or authorised Examination Cell information.,S058,Added - Natural generic training example based on official-source intent
232,How can I find my exam date sheet?,examination,The examination date sheet can be checked through Galgotias University's official examination-related information or student portal. Look for the schedule published for your programme and semester.,S058,Added - Natural student question variation; source inherited from intent example
233,Where can I get the date sheet for my examinations?,examination,The examination date sheet can be checked through Galgotias University's official examination-related information or student portal. Look for the schedule published for your programme and semester.,S058,Added - Natural student question variation; source inherited from intent example
234,How do examinations work at Galgotias University?,examination,"Examinations at Galgotias University involve assessment according to the academic and examination rules of the programme. Students may have internal assessments, practicals, and semester-end examinations.",S058,Added - Natural student question variation; source inherited from intent example
235,What is the examination system followed at Galgotias University?,examination,"Examinations at Galgotias University involve assessment according to the academic and examination rules of the programme. Students may have internal assessments, practicals, and semester-end examinations.",S058,Added - Natural student question variation; source inherited from intent example
236,How do exams work at Galgotias University?,examination,"Please refer to the official Examination Cell information for the current examination rules, assessment and academic procedures.",S058,Added - Natural generic training example based on official-source intent
237,How do I apply for exam revaluation?,examination,"To request revaluation, follow the university's prescribed examination procedure and submit the application within the announced deadline. Check the examination portal or official notifications for current instructions.",S058,Added - Natural student question variation; source inherited from intent example
238,What procedure should I follow to request exam revaluation?,examination,"To request revaluation, follow the university's prescribed examination procedure and submit the application within the announced deadline. Check the examination portal or official notifications for current instructions.",S058,Added - Natural student question variation; source inherited from intent example
239,How do I apply for revaluation at Galgotias University?,examination,"You can apply for revaluation of any number of theory subjects within the deadline announced by the Controller of Examinations (COE) via the website, LMS, or digital notice board, along with the prescribed fee.",S058,Verified - Official Source
240,How do I raise an examination-related grievance at Galgotias University?,examination,"Students can raise grievances through the ERP Student Portal's Grievance Module, the university website's online complaints tab, or by emailing grievance@galgotiasuniversity.edu.in; the Student Facilitation Centres (SFC) in each block are the first point of contact.",S058,Verified - Official Source
241,How is CGPA calculated at Galgotias University?,examination,"CGPA (Cumulative Grade Point Average) is calculated by taking the credit-weighted average of the SGPAs across all completed semesters — multiplying each semester's SGPA by its credit total, summing across semesters, and dividing by total cumulative credits.",S058,Verified - Official Source
242,How is SGPA calculated at Galgotias University?,examination,"SGPA (Semester Grade Point Average) is calculated by multiplying each course's grade point by its credit value, summing these products across all courses in the semester, and dividing by the total credits for that semester.",S058,Verified - Official Source
243,How much weightage do internal assessment and end-semester exams carry at Galgotias University?,examination,"For theory courses, Continuous Internal Evaluation (CIE) and the Semester End Examination (SEE) are weighted 50-50, each contributing 100 of the 200 total marks.",S058,Verified - Official Source
244,How quickly are examination-related grievances resolved at Galgotias University?,examination,"According to the university's Service Level Agreement, most grievances (date sheet queries, UFM queries, grade card issues) are addressed the same day, while transcripts for higher studies take up to three working days.",S058,Verified - Official Source
245,Is revaluation available for practical/lab exams at Galgotias University?,examination,The revaluation policy as stated covers theory courses; it does not extend the same guarantee to practical/lab exams.,S058,Verified - Official Source
246,Is there a Bronze Medal at Galgotias University?,examination,"Yes, a Bronze Medal is given to the 3rd rank holder in a program, but only if that program has more than 30 students.",S058,Verified - Official Source
247,What are the eligibility criteria for winning a gold or silver medal at Galgotias University?,examination,"To be eligible for a medal, a student must complete their program in a single attempt (no backlogs) and maintain at least 75% attendance; if the topper doesn't meet this, the medal passes to the next-ranked eligible student.",S058,Verified - Official Source
248,What are the examination rules?,examination,The current examination rules should be checked through Galgotias University's official Examination Cell information.,S058,Added - Natural generic training example based on official-source intent
249,What counts as 'unfair means' during a Galgotias University exam?,examination,"Unfair means includes writing identifying marks on the answer sheet, sitting in an unassigned seat, possessing unauthorized material, giving or receiving help, tampering with or smuggling answer sheets, impersonation, and any other form of misconduct or cheating.",S058,Verified - Official Source
250,What does grade 'O' mean at Galgotias University?,examination,"Grade 'O' stands for Outstanding and carries a grade point of 10.0, the highest on Galgotias University's 10-point grading scale.",S058,Verified - Official Source
251,What grading scale does Galgotias University use?,examination,"Galgotias University uses a 10-point relative grading scale: O (Outstanding, 10), A+ (Excellent, 9), A (Very Good, 8), B+ (Good, 7), B (Above Average, 6), C (Average, 5), P (Pass, 4), and F (Fail, 0), along with AB (Absent), DE (Detained), and WH (Withheld).",S058,Verified - Official Source
252,What grading system does the university use?,examination,Galgotias University follows an academic grading system for evaluating student performance. The applicable grades and grading method are determined according to the university's academic regulations.,S058,Added - Natural student question variation; source inherited from intent example
253,How are students' marks converted into grades at the university?,examination,Galgotias University follows an academic grading system for evaluating student performance. The applicable grades and grading method are determined according to the university's academic regulations.,S058,Added - Natural student question variation; source inherited from intent example
254,What happens if a student is found guilty of unfair means during an exam at Galgotias University?,examination,A candidate found using unfair means has their examination result withheld; a University-appointed UFM (Unfair Means) committee gives the candidate a personal hearing before recommending a penalty.,S058,Verified - Official Source
255,What happens if I fail a subject at Galgotias University?,examination,"The applicable examination rules govern passing, grading and reappearance or backlog procedures. Students should refer to the current official Examination Cell regulations for the exact process.",S058,Corrected - Avoids unsupported detailed claim
256,What happens if I fail a subject?,examination,"If a student does not pass a subject, they may need to take the applicable supplementary, back-paper, or repeat examination according to university rules.",S058,Added - Natural student question variation; source inherited from intent example
257,What are the options available if I do not pass a subject?,examination,"If a student does not pass a subject, they may need to take the applicable supplementary, back-paper, or repeat examination according to university rules.",S058,Added - Natural student question variation; source inherited from intent example
258,What happens if I have less than the required attendance?,examination,"Students who do not meet the required attendance criteria may face restrictions on appearing for examinations, subject to the university's attendance and academic regulations.",S058,Added - Natural student question variation; source inherited from intent example
259,What are the consequences of not meeting the required attendance percentage?,examination,"Students who do not meet the required attendance criteria may face restrictions on appearing for examinations, subject to the university's attendance and academic regulations.",S058,Added - Natural student question variation; source inherited from intent example
260,What happens if my revaluation marks differ significantly from my original marks at Galgotias University?,examination,"If the revaluation mark differs from the original valuation by more than 15%, the answer booklet is evaluated a third time by a different teacher who did not evaluate it in the first valuation or revaluation.",S058,Verified - Official Source
261,What is the Chancellor's Trophy at Galgotias University?,examination,"The Chancellor's Trophy is the university's most prestigious award, given one each to the top-performing male and female student based on combined academic, extracurricular, and co-curricular performance, per criteria set by the Scholarships and Award Committee.",S058,Verified - Official Source
262,What is the CIE-SEE split for a Comprehensive course at Galgotias University?,examination,"For a Comprehensive course, Continuous Internal Evaluation (Lab work, Mid-Term, and a course-based project) contributes 100 marks and the Semester End Exam contributes 100 marks, split 50-50, on a 200-mark total.",S058,Verified - Official Source
263,What is the exam process?,examination,The examination process includes completing the required academic assessments and appearing for the examinations scheduled by the university. Specific procedures depend on the programme and semester.,S058,Added - Natural generic training example based on official-source intent
264,What steps does the university follow for conducting examinations?,examination,The examination process includes completing the required academic assessments and appearing for the examinations scheduled by the university. Specific procedures depend on the programme and semester.,S058,Added - Natural generic training example based on official-source intent
265,What is the mark distribution for a theory course at Galgotias University?,examination,"For a theory course, Internal Assessment 1 is 25 marks, the Mid-Term Exam is 50 marks, Internal Assessment 2 is 25 marks (together 100 CIE marks), and the Semester End Exam is 100 marks, for a grand total of 200.",S058,Verified - Official Source
266,What is the minimum attendance needed for exams?,examination,Students must satisfy the attendance requirement specified by Galgotias University to be eligible for examinations. The applicable requirement should be confirmed from the current academic regulations.,S058,Added - Natural student question variation; source inherited from intent example
267,How much attendance must a student have to be allowed to appear for exams?,examination,Students must satisfy the attendance requirement specified by Galgotias University to be eligible for examinations. The applicable requirement should be confirmed from the current academic regulations.,S058,Added - Natural student question variation; source inherited from intent example
268,What is the minimum attendance required to sit for exams at Galgotias University?,examination,Students must maintain a minimum of 75% attendance in each course individually to be eligible to appear for the Semester End Examination (SEE/ETE).,S058,Verified - Official Source
269,What is the passing criteria for a course at Galgotias University?,examination,"A student passes a course under the Relative Grading System by securing a minimum of 40% composite score (Internal Assessment + Mid-Term + End-Semester Exam combined), with at least 25% required in the End-Semester Exam component alone.",S058,Verified - Official Source
270,What is the passing requirement for a course?,examination,"To pass a course, students must meet the minimum academic and examination requirements specified for that programme. The passing criteria may vary according to the course structure.",S058,Added - Natural student question variation; source inherited from intent example
271,What criteria must I meet to pass a course?,examination,"To pass a course, students must meet the minimum academic and examination requirements specified for that programme. The passing criteria may vary according to the course structure.",S058,Added - Natural student question variation; source inherited from intent example
272,What is the Student Facilitation Centre (SFC) at Galgotias University?,examination,"The SFC is a single-window grievance-handling desk present in all three campus blocks (A, B, and C), each covering a fixed set of schools, serving as the first point of contact for academic, examination, ERP, and accounts-related grievances.",S058,Verified - Official Source
273,When are exams held at Galgotias University?,examination,"Exam schedules (date sheets) are published on the official Examination Portal for each semester — for example, CAT-I and ETE date sheets are posted there closer to each exam cycle.",S001,Verified - Official Source
274,When are semester exams held?,examination,Semester examinations are conducted according to the academic calendar and examination schedule issued by the university. Students should check the latest schedule for their semester.,S058,Added - Natural student question variation; source inherited from intent example
275,During which period are the semester examinations conducted?,examination,Semester examinations are conducted according to the academic calendar and examination schedule issued by the university. Students should check the latest schedule for their semester.,S058,Added - Natural student question variation; source inherited from intent example
276,When are the exams?,examination,Please check the current official examination schedule or academic information published by the university.,S058,Added - Natural generic training example based on official-source intent
277,Where can I check the exam schedule?,examination,You can find the examination schedule through Galgotias University's official examination information channels or student portal. Check the notices related to your programme and semester.,S058,Added - Natural student question variation; source inherited from intent example
278,How can I find the examination timetable for my programme?,examination,You can find the examination schedule through Galgotias University's official examination information channels or student portal. Check the notices related to your programme and semester.,S058,Added - Natural student question variation; source inherited from intent example
279,Where can I find exam information?,examination,Refer to Galgotias University's official Examination Cell information for current examination-related updates.,S058,Added - Natural generic training example based on official-source intent
280,Where can I find my exam date sheet at Galgotias University?,examination,"Date sheets (e.g., CAT-I, ETE) are published on the official Examination Portal page under 'What's New' ahead of each exam cycle.",S001,Verified - Official Source
281,Who is eligible for the Gold Medal at Galgotias University?,examination,"The Gold Medal is awarded to the first rank holder (topper) in each program, across both Engineering and Non-Engineering disciplines, subject to completing the program in one attempt with at least 75% attendance.",S058,Verified - Official Source
282,Are course fees different for different programmes?,fees,"Yes, the fee amount can vary depending on the programme. Students should check the fee details of their specific course before applying.",S057,Added - Natural student question variation; source inherited from intent example
283,Does the fee amount vary from one programme to another?,fees,"Yes, the fee amount can vary depending on the programme. Students should check the fee details of their specific course before applying.",S057,Added - Natural student question variation; source inherited from intent example
284,Are there any hidden fees at Galgotias University?,fees,"Galgotias University's listed fee components (tuition, examination, accidental insurance, one-time caution deposit) are laid out on the official Fee Structure & Eligibility page — always confirm the full breakup there rather than relying on a single quoted number.",S002,Verified - Official Source
285,Are university fees paid every year?,fees,Fee payment schedules can depend on the programme and academic structure. Students should follow the payment schedule provided by Galgotias University for their course.,S057,Added - Natural student question variation; source inherited from intent example
286,Do students need to pay their university fees on an annual basis?,fees,Fee payment schedules can depend on the programme and academic structure. Students should follow the payment schedule provided by Galgotias University for their course.,S057,Added - Natural student question variation; source inherited from intent example
287,Can you explain the fee structure?,fees,"The fee structure provides information about the charges applicable to a particular programme, such as tuition and other applicable academic fees. The exact components depend on the selected course.",S057,Added - Natural student question variation; source inherited from intent example
288,What does the fee structure at Galgotias University include?,fees,"The fee structure provides information about the charges applicable to a particular programme, such as tuition and other applicable academic fees. The exact components depend on the selected course.",S057,Added - Natural student question variation; source inherited from intent example
289,Can you tell me the course fees?,fees,Please check Galgotias University's official fee information for the current fee applicable to your chosen programme.,S057,Added - Natural generic training example based on official-source intent
290,Do Galgotias University fees change with the exchange rate for international students?,fees,"For international students, Galgotias University's fees in foreign currency are subject to the prevailing exchange rate at the time of admission or payment.",S048,Verified - Official Source
291,Do I need to pay any other charges besides tuition?,fees,"There may be additional charges apart from tuition, depending on the programme and services used by the student. Check the official fee details for the complete breakdown.",S057,Added - Natural student question variation; source inherited from intent example
292,Are there additional costs apart from the tuition fee?,fees,"There may be additional charges apart from tuition, depending on the programme and services used by the student. Check the official fee details for the complete breakdown.",S057,Added - Natural student question variation; source inherited from intent example
293,Does Galgotias University charge an accidental insurance fee?,fees,"Yes. An accidental insurance fee is among the components generally paid annually by Galgotias University students, along with tuition and examination fees.",S048,Verified - Official Source
294,Does Galgotias University follow UGC fee refund rules?,fees,Galgotias University follows fee refund guidelines set by the UGC (University Grants Commission).,S048,Verified - Official Source
295,Does the tuition fee vary by specialization within the same programme?,fees,"Yes. Fees can vary by specialization and admission category, so applicants should confirm the exact figure for their chosen specialization on the official fee page.",S002,Verified - Official Source
296,How are foreign currency fees calculated at Galgotias University?,fees,"For international students, fees in foreign currency at Galgotias University are subject to the prevailing exchange rate at the time of admission or payment.",S048,Verified - Official Source
297,How can I check my programme fees?,fees,"To check your programme fees, find your chosen course on the official Galgotias University website and review the fee information provided for that programme.",S057,Added - Natural student question variation; source inherited from intent example
298,Where can I find the fee details for my selected programme?,fees,"To check your programme fees, find your chosen course on the official Galgotias University website and review the fee information provided for that programme.",S057,Added - Natural student question variation; source inherited from intent example
299,How can I know the exact fee for my course?,fees,The exact fee can be confirmed by referring to the current fee details published for your particular programme by Galgotias University.,S057,Added - Natural student question variation; source inherited from intent example
300,What is the best way to find out the exact amount payable for my course?,fees,The exact fee can be confirmed by referring to the current fee details published for your particular programme by Galgotias University.,S057,Added - Natural student question variation; source inherited from intent example
301,How can I pay my fees at Galgotias University?,fees,"For fee payment, use the official Galgotias University fee-payment facilities or instructions provided by the university for students. Check the current official payment page for the applicable process.",S057,Corrected - Official process wording made conservative
302,How do I check the current fees before applying?,fees,"Before applying, visit the university's official website and look for the latest fee information associated with your selected programme.",S057,Added - Natural student question variation; source inherited from intent example
303,Where should I look for the latest fee information before submitting my application?,fees,"Before applying, visit the university's official website and look for the latest fee information associated with your selected programme.",S057,Added - Natural student question variation; source inherited from intent example
304,How do I find the fees for my programme?,fees,Select your programme from the university's available course listings and check its corresponding fee structure to understand the applicable charges.,S057,Added - Natural student question variation; source inherited from intent example
305,What is the easiest way to view the fees for my chosen programme?,fees,Select your programme from the university's available course listings and check its corresponding fee structure to understand the applicable charges.,S057,Added - Natural student question variation; source inherited from intent example
306,How much are the college fees?,fees,College fees depend on the programme and applicable category. Refer to the current official fee information for exact details.,S057,Added - Natural generic training example based on official-source intent
307,How much are the fees at Galgotias University?,fees,Fees at Galgotias University vary according to the programme. Students should check the current fee structure for the specific course they plan to join.,S057,Added - Natural student question variation; source inherited from intent example
308,What amount do students generally need to pay for studying at Galgotias University?,fees,Fees at Galgotias University vary according to the programme. Students should check the current fee structure for the specific course they plan to join.,S057,Added - Natural student question variation; source inherited from intent example
309,How much does a course cost at Galgotias University?,fees,"The cost of studying depends on the course and its academic level. For an accurate amount, refer to the current fee details for the selected programme.",S057,Added - Natural student question variation; source inherited from intent example
310,What is the total cost of studying a programme at Galgotias University?,fees,"The cost of studying depends on the course and its academic level. For an accurate amount, refer to the current fee details for the selected programme.",S057,Added - Natural student question variation; source inherited from intent example
311,How much does it cost to study at Galgotias University?,fees,"Costs vary by programme — for example, B.Tech CSE tuition is listed at Rs. 1,64,000/year and BCA at Rs. 92,000/year. Check the official Fee Structure & Eligibility page for your specific programme's exact figure.",S002,Verified - Official Source
312,How much does it cost to study here?,fees,The cost depends on the chosen programme and applicable fees. Check the current official university information for exact amounts.,S057,Added - Natural generic training example based on official-source intent
313,How much should I budget for college fees?,fees,Your budget will depend on the programme you choose and any applicable additional charges. It is best to review the complete fee structure before planning your expenses.,S057,Added - Natural student question variation; source inherited from intent example
314,What amount should I plan for when preparing my college fee budget?,fees,Your budget will depend on the programme you choose and any applicable additional charges. It is best to review the complete fee structure before planning your expenses.,S057,Added - Natural student question variation; source inherited from intent example
315,How much tuition do I have to pay?,fees,The tuition amount is programme-specific. Check the latest Galgotias University fee information for the course you intend to study.,S057,Added - Natural student question variation; source inherited from intent example
316,What tuition amount will I be required to pay for my programme?,fees,The tuition amount is programme-specific. Check the latest Galgotias University fee information for the course you intend to study.,S057,Added - Natural student question variation; source inherited from intent example
317,Is Galgotias University expensive?,fees,"It depends on the programme — fees range broadly by course and specialization, so it's best to check the exact figure for your programme on the official Fee Structure & Eligibility page rather than assume a single number applies to all courses.",S002,Verified - Official Source
318,Is the application fee the same as the tuition fee at Galgotias University?,fees,"No — the Rs. 1,200 application fee (per the official admissions portal) is a one-time processing fee separate from annual tuition, examination, and other programme fees.",S057,Verified - Official Source
319,Is the caution deposit at Galgotias University a one-time fee?,fees,"Yes. The caution deposit is a one-time payment made at the time of admission, while tuition, examination, and accidental insurance fees are paid annually.",S048,Verified - Official Source
320,Is there a separate exam fee?,fees,An examination-related fee may apply depending on the programme and university rules. Students should check the applicable charges in the current fee information.,S057,Added - Natural student question variation; source inherited from intent example
321,Do students have to pay an examination charge separately?,fees,An examination-related fee may apply depending on the programme and university rules. Students should check the applicable charges in the current fee information.,S057,Added - Natural student question variation; source inherited from intent example
322,Is there an examination fee separate from tuition fee at Galgotias University?,fees,"Yes. For example, B.Tech CSE has a separate listed examination fee of Rs. 20,000 per annum in addition to the tuition fee.",S002,Verified - Official Source
323,What annual fee should a B.Tech CSE student at Galgotias University budget for tuition and exam fee combined?,fees,"Based on the listed figures, a B.Tech CSE student should budget Rs. 1,64,000 for tuition and an additional Rs. 20,000 for the examination fee per annum.",S002,Verified - Official Source
324,What are the fees?,fees,Fees depend on the programme and applicable category. Please check Galgotias University's current official fee information for the exact amount.,S057,Added - Natural generic training example based on official-source intent
325,What fee components are paid yearly at Galgotias University?,fees,"Tuition fee, examination fee, and accidental insurance fee are generally paid on an annual basis at Galgotias University.",S048,Verified - Official Source
326,What fees do students have to pay?,fees,Students may have to pay tuition and other applicable academic or university charges. The exact fees depend on the programme and services included.,S057,Added - Natural student question variation; source inherited from intent example
327,Which different charges are students expected to pay?,fees,Students may have to pay tuition and other applicable academic or university charges. The exact fees depend on the programme and services included.,S057,Added - Natural student question variation; source inherited from intent example
328,What is included in the university fee?,fees,"The fee structure explains the charges covered under the programme. Depending on the course, it may include tuition and other applicable academic charges.",S057,Added - Natural student question variation; source inherited from intent example
329,Which expenses or charges are covered in the university fee?,fees,"The fee structure explains the charges covered under the programme. Depending on the course, it may include tuition and other applicable academic charges.",S057,Added - Natural student question variation; source inherited from intent example
330,What is the annual examination fee for B.Tech CSE?,fees,"The listed examination fee for B.Tech in Computer Science and Engineering is Rs. 20,000 per annum.",S002,Verified - Official Source
331,What is the annual tuition fee for B.A. Economics?,fees,"The listed tuition fee for B.A. (Hons.) in Economics is Rs. 65,000 per annum.",S002,Verified - Official Source
332,What is the annual tuition fee for B.Tech Computer Science and Engineering?,fees,"The listed tuition fee for B.Tech in Computer Science and Engineering is Rs. 1,64,000 per annum.",S002,Verified - Official Source
333,What is the annual tuition fee for BBA?,fees,"The listed tuition fee for BBA is Rs. 1,10,000 per annum.",S002,Verified - Official Source
334,What is the annual tuition fee for BCA?,fees,"The listed tuition fee for BCA is Rs. 92,000 per annum.",S002,Verified - Official Source
335,What is the fee structure?,fees,Please refer to the current official Galgotias University fee information for the programme-wise fee structure.,S057,Added - Natural generic training example based on official-source intent
336,What is the tuition fee for a course?,fees,The tuition fee differs from one programme to another. Students should refer to the official fee details for the particular course they are considering.,S057,Added - Natural student question variation; source inherited from intent example
337,How much is the tuition charge for a particular programme?,fees,The tuition fee differs from one programme to another. Students should refer to the official fee details for the particular course they are considering.,S057,Added - Natural student question variation; source inherited from intent example
338,What is the tuition fee?,fees,Tuition fees vary by programme. Please check the current official fee information for your chosen course.,S057,Added - Natural generic training example based on official-source intent
339,What is the yearly tuition fee?,fees,The annual tuition amount depends on the programme and its fee structure. Check the latest official information for the course-specific amount.,S057,Added - Natural student question variation; source inherited from intent example
340,How much tuition is payable during one academic year?,fees,The annual tuition amount depends on the programme and its fee structure. Check the latest official information for the course-specific amount.,S057,Added - Natural student question variation; source inherited from intent example
341,What refund policy does Galgotias University follow?,fees,Galgotias University follows fee refund guidelines set by the UGC (University Grants Commission).,S048,Verified - Official Source
342,What should I confirm before paying my Galgotias University fee?,fees,"Applicants should confirm the exact tuition, examination, and other applicable fees for their specific programme and specialization on the official Fee Structure & Eligibility page, since these vary.",S002,Verified - Official Source
343,Where can I check the current fee structure?,fees,The current fee structure should be checked on Galgotias University's official Fee Structure & Eligibility page because fees vary by program and admission category.,S002,Verified - Official Source
344,Where can I check the university fee structure?,fees,You can find programme-wise fee information on the official Galgotias University website. Check the details associated with your selected course.,S057,Added - Natural student question variation; source inherited from intent example
345,How can I access the complete fee structure of Galgotias University?,fees,You can find programme-wise fee information on the official Galgotias University website. Check the details associated with your selected course.,S057,Added - Natural student question variation; source inherited from intent example
346,Where can I see the latest fee details?,fees,The latest fee information should be checked through Galgotias University's official website or admission information for the relevant programme.,S057,Added - Natural student question variation; source inherited from intent example
347,Where can I find the most recently updated information about programme fees?,fees,The latest fee information should be checked through Galgotias University's official website or admission information for the relevant programme.,S057,Added - Natural student question variation; source inherited from intent example
348,Which Galgotias University fees are paid annually versus one-time?,fees,"At Galgotias University, students are generally required to pay tuition, examination, and accidental insurance fees annually, while the caution deposit is a one-time payment made at the time of admission.",S048,Verified - Official Source
349,"Which is cheaper at Galgotias University, BCA or BBA tuition fee?",fees,"Based on the listed fee structure, BCA tuition (Rs. 92,000 per annum) is lower than BBA tuition (Rs. 1,10,000 per annum).",S002,Verified - Official Source
350,Who should I contact if I have questions about my Galgotias University fee structure?,fees,"Students should refer to the official Fee Structure & Eligibility page on the Galgotias University website, or contact the admissions office directly, for programme-specific fee queries.",S002,Verified - Official Source
351,Are AC rooms available in Galgotias University hostels?,hostel,Yes. Galgotias University hostels offer both AC and non-AC room options.,S005,Verified - Official Source
352,Are AC rooms available in the hostel?,hostel,Galgotias University provides different hostel accommodation options. Students interested in air-conditioned rooms should check the current hostel facilities and room categories available for their session.,S005,Added - Natural student question variation; source inherited from intent example
353,Can students get AC rooms in the hostel?,hostel,Galgotias University provides different hostel accommodation options. Students interested in air-conditioned rooms should check the current hostel facilities and room categories available for their session.,S005,Added - Natural student question variation; source inherited from intent example
354,Are air-conditioned rooms available in the hostel?,hostel,Galgotias University provides different hostel accommodation options. Students interested in air-conditioned rooms should check the current hostel facilities and room categories available for their session.,S005,Added - Natural student question variation; source inherited from intent example
355,Can students get air-conditioned rooms in the hostel?,hostel,Galgotias University provides different hostel accommodation options. Students interested in air-conditioned rooms should check the current hostel facilities and room categories available for their session.,S005,Added - Natural student question variation; source inherited from intent example
356,Are elevators available in Galgotias University hostel buildings?,hostel,Yes. Two elevators are available in each Galgotias University hostel building.,S005,Verified - Official Source
357,Are Galgotias University hostels located within the main campus?,hostel,Yes. The hostels are part of the campus and are described as surrounded by lush green lawns and playing fields.,S005,Verified - Official Source
358,Are laundry facilities available in the hostel?,hostel,Students can check the hostel facility information to find out whether laundry services are included in the available accommodation options.,S005,Added - Natural student question variation; source inherited from intent example
359,Does the hostel provide any laundry service for students?,hostel,Students can check the hostel facility information to find out whether laundry services are included in the available accommodation options.,S005,Added - Natural student question variation; source inherited from intent example
360,Are there common areas for hostel students?,hostel,"Hostel accommodation may include shared spaces for students. For the currently available common areas and facilities, refer to the university's official hostel information.",S005,Added - Natural student question variation; source inherited from intent example
361,What shared spaces can hostel residents use?,hostel,"Hostel accommodation may include shared spaces for students. For the currently available common areas and facilities, refer to the university's official hostel information.",S005,Added - Natural student question variation; source inherited from intent example
362,Are there separate hostels for boys and girls?,hostel,Galgotias University provides hostel accommodation arrangements for students. Students should check the latest hostel information for details about accommodation available for male and female students.,S005,Added - Natural student question variation; source inherited from intent example
363,Does the university provide separate hostel accommodation for male and female students?,hostel,Galgotias University provides hostel accommodation arrangements for students. Students should check the latest hostel information for details about accommodation available for male and female students.,S005,Added - Natural student question variation; source inherited from intent example
364,Can first-year students apply for a hostel room?,hostel,"Yes, first-year students can enquire about hostel accommodation and follow the university's application procedure, subject to room availability and applicable rules.",S005,Added - Natural student question variation; source inherited from intent example
365,Are newly admitted students allowed to request hostel accommodation?,hostel,"Yes, first-year students can enquire about hostel accommodation and follow the university's application procedure, subject to room availability and applicable rules.",S005,Added - Natural student question variation; source inherited from intent example
366,Can I stay in a hostel?,hostel,Please check the official hostel information and current accommodation procedure for availability and eligibility.,S005,Added - Natural generic training example based on official-source intent
367,Can I stay in the university hostel?,hostel,Students can apply for hostel accommodation at Galgotias University if they meet the applicable requirements. Availability is subject to the university's accommodation rules and room availability.,S005,Added - Natural student question variation; source inherited from intent example
368,Am I eligible to live in a Galgotias University hostel?,hostel,Students can apply for hostel accommodation at Galgotias University if they meet the applicable requirements. Availability is subject to the university's accommodation rules and room availability.,S005,Added - Natural student question variation; source inherited from intent example
369,Do Galgotias University hostels have a common room or recreation area?,hostel,"Yes, common recreational facilities such as indoor games (table tennis, carom, chess) are provided in the hostels alongside the attached cafeteria.",S005,Verified - Official Source
370,Do Galgotias University hostels have any sports facilities?,hostel,"Yes. Galgotias University hostels include access to a gym and indoor games (table tennis, carom, chess); the wider campus also offers outdoor sports facilities.",S005,Verified - Official Source
371,Do Galgotias University hostels have power backup?,hostel,Yes. Galgotias University hostels are equipped with complete power backup.,S005,Verified - Official Source
372,Do Galgotias University hostels provide laundry facilities?,hostel,"Yes. Laundry/washing machine facilities are available in Galgotias University hostels, along with housekeeping.",S005,Verified - Official Source
373,Does Galgotias University allow both AC and non-AC hostel options for the same room type?,hostel,"Yes. Students can choose between AC and non-AC room options within the hostel, subject to availability and the applicable fee.",S005,Verified - Official Source
374,Does Galgotias University have hostel facilities?,hostel,"Yes. Galgotias University provides separate on-campus hostels for boys and girls, with AC and non-AC room options, mess included in the fee, and around 1,400 boys' and 280+ girls' seats.",S005,Verified - Official Source
375,Does Galgotias University provide hostel accommodation?,hostel,"Yes, Galgotias University provides hostel accommodation for students. Interested students can check the available options and facilities before applying.",S005,Added - Natural student question variation; source inherited from intent example
376,Are residential hostel facilities offered by Galgotias University?,hostel,"Yes, Galgotias University provides hostel accommodation for students. Interested students can check the available options and facilities before applying.",S005,Added - Natural student question variation; source inherited from intent example
377,Does Galgotias University provide hostel facilities?,hostel,Please refer to Galgotias University's official hostel information for current accommodation facilities and options.,S005,Added - Natural generic training example based on official-source intent
378,Does Galgotias University provide separate hostels for boys and girls?,hostel,"Yes. Galgotias University provides separate hostel accommodation for boys and girls, both within the campus.",S005,Verified - Official Source
379,Does the Galgotias University hostel fee include mess charges?,hostel,Yes. Mess charges are included in the hostel fee at Galgotias University.,S005,Verified - Official Source
380,Does the hostel have a mess?,hostel,Hostel accommodation includes arrangements for student meals. Students should refer to the latest hostel information for details about mess services and meal facilities.,S005,Added - Natural student question variation; source inherited from intent example
381,Is there a mess facility available for students staying in the hostel?,hostel,Hostel accommodation includes arrangements for student meals. Students should refer to the latest hostel information for details about mess services and meal facilities.,S005,Added - Natural student question variation; source inherited from intent example
382,Does the hostel have power backup?,hostel,Please refer to Galgotias University's official hostel information for current accommodation facilities and options.,S005,Added - Natural student question variation; source inherited from intent example
383,Are backup electricity facilities provided in the hostel?,hostel,Please refer to Galgotias University's official hostel information for current accommodation facilities and options.,S005,Added - Natural student question variation; source inherited from intent example
384,Does the hostel have Wi-Fi?,hostel,Students can check the hostel facility details for information about internet and Wi-Fi availability in their accommodation.,S005,Added - Natural student question variation; source inherited from intent example
385,Can hostel residents access Wi-Fi facilities?,hostel,Students can check the hostel facility details for information about internet and Wi-Fi availability in their accommodation.,S005,Added - Natural student question variation; source inherited from intent example
386,Does the university have student accommodation?,hostel,"Yes, Galgotias University offers hostel accommodation for students who wish to stay on or around the university's residential facilities, subject to availability and applicable rules.",S005,Added - Natural generic training example based on official-source intent
387,Are there residential facilities available for university students?,hostel,"Yes, Galgotias University offers hostel accommodation for students who wish to stay on or around the university's residential facilities, subject to availability and applicable rules.",S005,Added - Natural generic training example based on official-source intent
388,How can I get a hostel room?,hostel,"To obtain a hostel room, students should apply through the university's prescribed hostel admission process. Room allotment is generally subject to availability and hostel regulations.",S005,Added - Natural student question variation; source inherited from intent example
389,What do I need to do to obtain hostel accommodation?,hostel,"To obtain a hostel room, students should apply through the university's prescribed hostel admission process. Room allotment is generally subject to availability and hostel regulations.",S005,Added - Natural student question variation; source inherited from intent example
390,How do I check hostel availability for students?,hostel,You can contact the university or check its official hostel information to find out about current room availability and accommodation options.,S005,Added - Natural student question variation; source inherited from intent example
391,How can I find out whether hostel rooms are currently available?,hostel,You can contact the university or check its official hostel information to find out about current room availability and accommodation options.,S005,Added - Natural student question variation; source inherited from intent example
392,How do students apply for hostel accommodation?,hostel,Students interested in hostel accommodation should complete the hostel application process provided by Galgotias University and submit the required information within the specified period.,S005,Added - Natural student question variation; source inherited from intent example
393,What is the procedure for requesting a hostel room?,hostel,Students interested in hostel accommodation should complete the hostel application process provided by Galgotias University and submit the required information within the specified period.,S005,Added - Natural student question variation; source inherited from intent example
394,How does the mess system work in Galgotias University hostels?,hostel,"Mess charges are included in the hostel fee at Galgotias University, so residents do not need to pay separately for mess access.",S005,Verified - Official Source
395,How many hostel seats does Galgotias University have for boys and girls?,hostel,"Galgotias University's on-campus hostels have around 1,400 seats for boys and 280+ seats for girls, with both AC and non-AC room options; mess charges are included in the hostel fee.",S005,Verified - Official Source
396,Is food provided in the hostel?,hostel,Hostel students can check the available mess and meal arrangements as part of the accommodation information. The current meal facilities should be confirmed with the university.,S005,Added - Natural student question variation; source inherited from intent example
397,Are meals available for students living in the hostel?,hostel,Hostel students can check the available mess and meal arrangements as part of the accommodation information. The current meal facilities should be confirmed with the university.,S005,Added - Natural student question variation; source inherited from intent example
398,Is high-speed internet available in Galgotias University hostels?,hostel,Yes. Galgotias University hostels provide high-speed internet access along with an attached cafeteria service.,S005,Verified - Official Source
399,Is hostel accommodation available for students?,hostel,"Yes, hostel facilities are available for students at Galgotias University. Students can enquire about room options, availability, and the applicable hostel rules.",S005,Added - Natural student question variation; source inherited from intent example
400,Can students choose hostel accommodation at Galgotias University?,hostel,"Yes, hostel facilities are available for students at Galgotias University. Students can enquire about room options, availability, and the applicable hostel rules.",S005,Added - Natural student question variation; source inherited from intent example
401,Is hostel accommodation compulsory for students?,hostel,Hostel accommodation is not necessarily applicable to every student. Students should check the university's current hostel policies to understand whether staying in the hostel is required for their particular situation.,S005,Added - Natural student question variation; source inherited from intent example
402,Do all students have to stay in the university hostel?,hostel,Hostel accommodation is not necessarily applicable to every student. Students should check the university's current hostel policies to understand whether staying in the hostel is required for their particular situation.,S005,Added - Natural student question variation; source inherited from intent example
403,Is hostel available?,hostel,Please check the university's official hostel information for current accommodation availability and procedures.,S005,Added - Natural generic training example based on official-source intent
404,Is hostel compulsory at Galgotias University?,hostel,"Please confirm the current accommodation requirement directly with Galgotias University's official hostel or admission information before making a decision, as hostel policies should be verified from the current rules.",S005,Corrected - Policy requires current official confirmation
405,Is there a cafeteria attached to the Galgotias University hostels?,hostel,Yes. The hostel accommodation includes an attached cafeteria service for residents.,S005,Verified - Official Source
406,Is there a difference in facilities between boys' and girls' hostels at Galgotias University?,hostel,"Both boys' and girls' hostels offer AC/non-AC rooms, mess, wifi, and indoor games; specific seat counts differ (around 1,400 for boys and 280+ for girls).",S005,Verified - Official Source
407,Is there a hostel inside the campus?,hostel,Galgotias University provides student hostel facilities. Students should check the latest official accommodation information for details about the location and available residential facilities.,S005,Added - Natural student question variation; source inherited from intent example
408,Are hostel residences located within the university campus?,hostel,Galgotias University provides student hostel facilities. Students should check the latest official accommodation information for details about the location and available residential facilities.,S005,Added - Natural student question variation; source inherited from intent example
409,Tell me about the hostel facilities.,hostel,Galgotias University's official hostel information provides details about accommodation and facilities.,S005,Added - Natural generic training example based on official-source intent
410,What facilities are provided in the hostel?,hostel,"Hostel facilities can include accommodation and student-oriented residential services. The exact facilities depend on the hostel and room category, so students should review the current official details.",S005,Added - Natural student question variation; source inherited from intent example
411,Which amenities can students expect in the university hostel?,hostel,"Hostel facilities can include accommodation and student-oriented residential services. The exact facilities depend on the hostel and room category, so students should review the current official details.",S005,Added - Natural student question variation; source inherited from intent example
412,What hostel facilities are available?,hostel,Please refer to the current official hostel information for accommodation facilities and available options.,S005,Added - Natural generic training example based on official-source intent
413,What indoor games are available in Galgotias University hostels?,hostel,"Galgotias University hostels provide indoor games facilities such as table tennis, carom, and chess.",S005,Verified - Official Source
414,What is hostel life like at Galgotias University?,hostel,"Hostel residents at Galgotias University get AC/non-AC rooms, mess included in the fee, wifi, indoor games, a gym, and an attached cafeteria, within a campus described as surrounded by green lawns and playing fields.",S005,Verified - Official Source
415,What is the hostel capacity at Galgotias University?,hostel,"Galgotias University's hostels have a combined capacity of around 1,400 seats for boys and 280+ seats for girls.",S005,Verified - Official Source
416,What is the surrounding environment like at Galgotias University hostels?,hostel,"The campus hostels at Galgotias University are surrounded by lush green lawns and playing fields, offering a homely stay for residents.",S005,Verified - Official Source
417,What kind of room-sharing options exist in Galgotias University hostels?,hostel,"Galgotias University hostel rooms are commonly available as 2-seater rooms (AC or non-AC), with some blocks also offering 3-seater (triple-sharing) rooms.",S005,Verified - Official Source
418,What room options are available in the hostel?,hostel,Different room arrangements may be available depending on the hostel accommodation offered. Students should check the current room categories and availability before making a selection.,S005,Added - Natural student question variation; source inherited from intent example
419,What types of hostel rooms can students choose from?,hostel,Different room arrangements may be available depending on the hostel accommodation offered. Students should check the current room categories and availability before making a selection.,S005,Added - Natural student question variation; source inherited from intent example
420,What should I know before applying for hostel accommodation?,hostel,"Before applying, students should review the hostel rules, accommodation options, applicable charges, facilities, and room availability to understand the residential arrangements.",S005,Added - Natural student question variation; source inherited from intent example
421,Which hostel details should I understand before submitting an application?,hostel,"Before applying, students should review the hostel rules, accommodation options, applicable charges, facilities, and room availability to understand the residential arrangements.",S005,Added - Natural student question variation; source inherited from intent example
422,Where can I find official hostel information?,hostel,Official information about Galgotias University hostels can be found through the university's website and hostel-related admission information.,S005,Added - Natural student question variation; source inherited from intent example
423,How can I access the official information about Galgotias University hostels?,hostel,Official information about Galgotias University hostels can be found through the university's website and hostel-related admission information.,S005,Added - Natural student question variation; source inherited from intent example
424,Where do I apply for university hostel accommodation?,hostel,Students should use the hostel application process provided by Galgotias University. Check the official university accommodation information for the current application procedure.,S005,Added - Natural student question variation; source inherited from intent example
425,Where can students submit their hostel accommodation application?,hostel,Students should use the hostel application process provided by Galgotias University. Check the official university accommodation information for the current application procedure.,S005,Added - Natural student question variation; source inherited from intent example
426,Are IT companies among the top recruiters at Galgotias University?,placement,"Yes. IT and consulting firms such as Infosys, Cognizant, Capgemini, Accenture, HCLTech, Coforge and TCS are listed among Galgotias University's top recruiters.",S006,Verified - Official Source
427,Are IT companies included among the recruiters?,placement,"Yes, companies from the information technology sector can participate in the recruitment process at Galgotias University. The actual recruiters may vary from one placement cycle to another.",S006,Added - Natural student question variation; source inherited from intent example
428,Are there any IT companies that recruit from the university?,placement,"Yes, companies from the information technology sector can participate in the recruitment process at Galgotias University. The actual recruiters may vary from one placement cycle to another.",S006,Added - Natural student question variation; source inherited from intent example
429,Are placement statistics at Galgotias University updated every year?,placement,"Yes, figures such as total offers, number of recruiters, and average/highest package are refreshed periodically on the university's official placement and admissions pages, so current-year figures should always be reconfirmed.",S057,Verified - Official Source
430,Can students get help preparing for placements?,placement,"Yes, students can receive career and placement guidance to help them prepare for recruitment opportunities. Preparation may include support related to employability and the hiring process.",S006,Added - Natural student question variation; source inherited from intent example
431,What kind of placement preparation assistance is available to students?,placement,"Yes, students can receive career and placement guidance to help them prepare for recruitment opportunities. Preparation may include support related to employability and the hiring process.",S006,Added - Natural student question variation; source inherited from intent example
432,Do Infosys and TCS recruit from Galgotias University?,placement,"Yes. Infosys and TCS are among the recruiters listed on Galgotias University's official placement page, along with Cognizant, Capgemini, Accenture, HCLTech and Coforge.",S006,Verified - Official Source
433,Does every student get placement support?,placement,"Galgotias University provides placement-related support to eligible students, although the opportunities and assistance available can depend on the student's programme and placement requirements.",S006,Added - Natural student question variation; source inherited from intent example
434,Is placement assistance provided to all students?,placement,"Galgotias University provides placement-related support to eligible students, although the opportunities and assistance available can depend on the student's programme and placement requirements.",S006,Added - Natural student question variation; source inherited from intent example
435,Does Galgotias University provide placement assistance?,placement,Yes. The university provides placement support through its Career Planning and Development Division and Training & Placement Department.,S006,Verified - Official Source
436,Does Galgotias University provide placement support?,placement,"Yes, the university has placement and career-support activities designed to assist students with recruitment opportunities and their transition into employment.",S006,Added - Natural student question variation; source inherited from intent example
437,What placement support does Galgotias University offer?,placement,"Yes, the university has placement and career-support activities designed to assist students with recruitment opportunities and their transition into employment.",S006,Added - Natural student question variation; source inherited from intent example
438,Does Galgotias University provide placements?,placement,The university provides placement and career-related support through its relevant placement functions. Check the official placement information for current details.,S006,Added - Natural generic training example based on official-source intent
439,Does Galgotias University publish yearly placement statistics?,placement,"Yes. Galgotias University publishes placement statistics including total offers, number of recruiting organizations, highest package, and average package on its official pages.",S006,Verified - Official Source
440,Does Galgotias University support students seeking niche or specialised job offers?,placement,Yes. The university's official portal reports 300+ niche offers as part of its overall placement statistics.,S057,Verified - Official Source
441,Does the university arrange campus placements?,placement,"Yes, Galgotias University facilitates campus recruitment activities where participating companies can interact with eligible students for employment opportunities.",S006,Added - Natural student question variation; source inherited from intent example
442,Are campus recruitment drives conducted by the university?,placement,"Yes, Galgotias University facilitates campus recruitment activities where participating companies can interact with eligible students for employment opportunities.",S006,Added - Natural student question variation; source inherited from intent example
443,Does the university have a dedicated placement department?,placement,"Yes, the university has a placement and career-support function that coordinates recruitment activities and assists students during the placement process.",S006,Added - Natural student question variation; source inherited from intent example
444,Is there a separate department that handles student placements?,placement,"Yes, the university has a placement and career-support function that coordinates recruitment activities and assists students during the placement process.",S006,Added - Natural student question variation; source inherited from intent example
445,Does the university help students find jobs?,placement,"The university supports students through placement and career services, helping eligible students access recruitment opportunities and prepare for the hiring process.",S006,Added - Natural student question variation; source inherited from intent example
446,Can the university assist students in getting job opportunities?,placement,"The university supports students through placement and career services, helping eligible students access recruitment opportunities and prepare for the hiring process.",S006,Added - Natural student question variation; source inherited from intent example
447,Does the university help students get jobs?,placement,Please check the university's official placement and career-support information for current services and opportunities.,S006,Added - Natural generic training example based on official-source intent
448,Has Galgotias University produced any student-founded startups?,placement,Yes. Galgotias University's official admissions portal states that the university has produced 100+ successful student startups.,S057,Verified - Official Source
449,How are placements at Galgotias University?,placement,"Please refer to Galgotias University's official placement information for current career support, recruiters and placement-related updates.",S006,Added - Natural generic training example based on official-source intent
450,How can students prepare for campus placements?,placement,"Students can prepare by developing their technical and communication skills, practising interviews and aptitude tests, and participating in placement-related training offered by the university.",S006,Added - Natural student question variation; source inherited from intent example
451,What can students do to prepare for campus recruitment?,placement,"Students can prepare by developing their technical and communication skills, practising interviews and aptitude tests, and participating in placement-related training offered by the university.",S006,Added - Natural student question variation; source inherited from intent example
452,How competitive are placements at Galgotias University based on official numbers?,placement,"With 1,200+ recruiting organizations and thousands of offers reported, including 550+ offers of Rs. 6 LPA+ and 60+ offers of Rs. 10 LPA+, placements are actively tracked and reported by the university.",S057,Verified - Official Source
453,How does the placement process work?,placement,"The placement process generally involves registration, preparation, participation in recruitment drives, and selection stages conducted by individual companies. The exact process may differ between recruiters.",S006,Added - Natural student question variation; source inherited from intent example
454,What are the usual steps involved in the placement process?,placement,"The placement process generally involves registration, preparation, participation in recruitment drives, and selection stages conducted by individual companies. The exact process may differ between recruiters.",S006,Added - Natural student question variation; source inherited from intent example
455,How is the placement support?,placement,Please refer to the official placement information for current details about career and placement support.,S006,Added - Natural generic training example based on official-source intent
456,How many companies recruit students?,placement,The number of recruiting companies can change with each placement cycle. Students should refer to the latest official placement information for current recruitment figures.,S006,Added - Natural student question variation; source inherited from intent example
457,Approximately how many companies participate in campus recruitment?,placement,The number of recruiting companies can change with each placement cycle. Students should refer to the latest official placement information for current recruitment figures.,S006,Added - Natural student question variation; source inherited from intent example
458,How many organizations have recruited students according to the placement page?,placement,"The official placement page lists 1,200+ recruiting organizations.",S006,Verified - Official Source
459,How many organizations recruited from Galgotias University?,placement,"According to the official Galgotias University admissions portal, more than 1,200 organizations have recruited students from the university.",S057,Verified - Official Source
460,How many placement offers of Rs. 10 LPA or above has Galgotias University recorded?,placement,Galgotias University's official admissions portal lists 60+ placement offers of Rs. 10 LPA or above.,S057,Verified - Official Source
461,How many placement offers of Rs. 6 LPA or above has Galgotias University recorded?,placement,Galgotias University's official admissions portal lists 550+ placement offers of Rs. 6 LPA or above.,S057,Verified - Official Source
462,Is Galgotias University good for placements?,placement,"Galgotias University reports active placement activity — 1,200+ recruiting organizations, a highest package of Rs. 60 LPA, and an average package of Rs. 5.4 LPA — but 'good' depends on your branch and personal preparation, so it's worth checking branch-wise placement data too.",S057,Verified - Official Source
463,Tell me about placements.,placement,Please refer to Galgotias University's official placement information for current placement and career-support details.,S006,Added - Natural generic training example based on official-source intent
464,What career support does the university provide?,placement,"Galgotias University offers career-oriented support to help students prepare for employment, including placement guidance and opportunities to participate in recruitment activities.",S006,Added - Natural student question variation; source inherited from intent example
465,What type of career guidance is available at the university?,placement,"Galgotias University offers career-oriented support to help students prepare for employment, including placement guidance and opportunities to participate in recruitment activities.",S006,Added - Natural student question variation; source inherited from intent example
466,What companies visit the university for placements?,placement,"Companies from different industries may participate in Galgotias University recruitment drives. The list of participating recruiters can change each year, so students should check the latest placement information.",S006,Added - Natural student question variation; source inherited from intent example
467,Which companies usually come to the university to recruit students?,placement,"Companies from different industries may participate in Galgotias University recruitment drives. The list of participating recruiters can change each year, so students should check the latest placement information.",S006,Added - Natural student question variation; source inherited from intent example
468,What department handles placements at Galgotias University?,placement,Placement support at Galgotias University is handled through its Career Planning and Development Division along with its Training & Placement Department.,S006,Verified - Official Source
469,What is the average package listed by Galgotias University?,placement,The official placement page lists an average package of 5.4 LPA.,S006,Verified - Official Source
470,What is the average placement package at Galgotias University?,placement,"The average placement package at Galgotias University, per its official portal, is Rs. 5.4 LPA.",S057,Verified - Official Source
471,What is the average placement package?,placement,The average salary package can vary between placement years and programmes. Students should refer to the university's latest official placement statistics for the most accurate figure.,S006,Added - Natural student question variation; source inherited from intent example
472,What is the typical average salary package offered during placements?,placement,The average salary package can vary between placement years and programmes. Students should refer to the university's latest official placement statistics for the most accurate figure.,S006,Added - Natural student question variation; source inherited from intent example
473,What is the average salary package at Galgotias University?,placement,Galgotias University's official portal lists an average placement package of Rs. 5.4 LPA.,S057,Verified - Official Source
474,What is the highest package listed by Galgotias University?,placement,The official placement page lists the highest package as Rs. 60 lakh.,S006,Verified - Official Source
475,What is the highest package offered?,placement,"The highest package is not a fixed amount and may change with each placement cycle. For the latest figure, students should check the university's current placement report or official statistics.",S006,Added - Natural student question variation; source inherited from intent example
476,What is the maximum salary package offered through placements?,placement,"The highest package is not a fixed amount and may change with each placement cycle. For the latest figure, students should check the university's current placement report or official statistics.",S006,Added - Natural student question variation; source inherited from intent example
477,What is the highest placement package at Galgotias University?,placement,"The highest package recorded at Galgotias University, per its official portal, is Rs. 60 LPA (lakhs per annum).",S057,Verified - Official Source
478,What is the placement process at Galgotias University?,placement,Galgotias University's placement and career support is coordinated through its Career Planning and Development and placement-related functions. Students should check the official placement information for the current recruitment and placement process.,S006,Corrected - Official process wording made conservative
479,What is the placement support structure at Galgotias University?,placement,Placement support is coordinated through the Career Planning and Development Division together with the Training & Placement Department.,S006,Verified - Official Source
480,What kind of placement support do students get?,placement,"Students can receive assistance related to placement preparation, recruitment drives, career guidance, and other activities intended to improve their employability.",S006,Added - Natural student question variation; source inherited from intent example
481,What assistance is available to students during the placement process?,placement,"Students can receive assistance related to placement preparation, recruitment drives, career guidance, and other activities intended to improve their employability.",S006,Added - Natural student question variation; source inherited from intent example
482,What placement opportunities are available?,placement,Current placement opportunities and career support should be checked through the university's official placement information.,S006,Added - Natural generic training example based on official-source intent
483,What placement services are offered to students?,placement,"Placement services may include career guidance, recruitment coordination, preparation activities, and access to participating companies. The services available can vary by programme.",S006,Added - Natural student question variation; source inherited from intent example
484,Which placement-related services can students use?,placement,"Placement services may include career guidance, recruitment coordination, preparation activities, and access to participating companies. The services available can vary by programme.",S006,Added - Natural student question variation; source inherited from intent example
485,When does the placement process start?,placement,Placement activities generally begin according to the university's placement calendar and the requirements of participating companies. Students should follow announcements from the placement department.,S006,Added - Natural student question variation; source inherited from intent example
486,At what stage of the academic year does the placement process begin?,placement,Placement activities generally begin according to the university's placement calendar and the requirements of participating companies. Students should follow announcements from the placement department.,S006,Added - Natural student question variation; source inherited from intent example
487,Where can I check placement information?,placement,You can find placement-related information through Galgotias University's official website and the university's placement or career-services information.,S006,Added - Natural student question variation; source inherited from intent example
488,Where can students get information about university placements?,placement,You can find placement-related information through Galgotias University's official website and the university's placement or career-services information.,S006,Added - Natural student question variation; source inherited from intent example
489,Where can I find the latest placement statistics?,placement,The latest placement figures should be checked through the university's official placement information or published reports to ensure you are using current statistics.,S006,Added - Natural student question variation; source inherited from intent example
490,How can I access the latest placement statistics?,placement,The latest placement figures should be checked through the university's official placement information or published reports to ensure you are using current statistics.,S006,Added - Natural student question variation; source inherited from intent example
491,Which companies are listed as top recruiters?,placement,"The placement page lists recruiters including Infosys, Cognizant, Capgemini, Accenture, HCLTech, Coforge, TCS and others.",S006,Verified - Official Source
492,Which companies recruit from Galgotias University?,placement,Recruiters can come from multiple industries and may change from year to year. Students should check the latest official recruiter list for the current placement cycle.,S006,Added - Natural student question variation; source inherited from intent example
493,Which recruiters hire students from Galgotias University?,placement,Recruiters can come from multiple industries and may change from year to year. Students should check the latest official recruiter list for the current placement cycle.,S006,Added - Natural student question variation; source inherited from intent example
494,What is last year placement rate?,placement,"The placement rate can vary by year, programme, and graduating batch. For the latest placement percentage and statistics, students should check the official Galgotias University placement reports and updates.",S006,Added - Natural student question variation; source inherited from intent example
495,What was the placement rate in the previous year?,placement,"The placement rate can vary by year, programme, and graduating batch. For the latest placement percentage and statistics, students should check the official Galgotias University placement reports and updates.",S006,Added - Natural student question variation; source inherited from intent example
496,How successful were placements last year?,placement,"The placement rate can vary by year, programme, and graduating batch. For the latest placement percentage and statistics, students should check the official Galgotias University placement reports and updates.",S006,Added - Natural student question variation; source inherited from intent example
497,What percentage of students were placed last year?,placement,"The placement rate can vary by year, programme, and graduating batch. For the latest placement percentage and statistics, students should check the official Galgotias University placement reports and updates.",S006,Added - Natural student question variation; source inherited from intent example
498,Can you tell me last year's placement rate?,placement,"The placement rate can vary by year, programme, and graduating batch. For the latest placement percentage and statistics, students should check the official Galgotias University placement reports and updates.",S006,Added - Natural student question variation; source inherited from intent example
499,Which companies visit Galgotias University for placements?,placement,"Recruiters listed on Galgotias University's official placement page include Infosys, Cognizant, Capgemini, Accenture, HCLTech, Coforge, and TCS, among others.",S006,Verified - Official Source
500,Will I get a job after studying at Galgotias University?,placement,"Galgotias University provides placement support through its Career Planning and Development Division and Training & Placement Department, and reports strong recruiter participation, but a job offer isn't guaranteed — it depends on your performance, branch, and the year's hiring trends.",S006,Verified - Official Source
501,Are Galgotias University scholarships automatically applied or do students need to apply?,scholarship,No. Students need to apply for scholarships at Galgotias University and meet the prescribed eligibility criteria and documentation requirements — they are not applied automatically.,S004,Verified - Official Source
502,Are merit scholarships available?,scholarship,"Yes, merit-based scholarships may be available for students who meet the university’s academic performance criteria.",S004,Added - Natural student question variation; source inherited from intent example
503,Can students receive scholarships based on merit?,scholarship,"Yes, merit-based scholarships may be available for students who meet the university’s academic performance criteria.",S004,Added - Natural student question variation; source inherited from intent example
504,Are performing arts achievements considered for scholarships at Galgotias University?,scholarship,Yes. Candidates with exemplary achievements in performing arts or literature are considered under the same scholarship category as sports achievers.,S004,Verified - Official Source
505,Are scholarships available for new students?,scholarship,"Yes, new students may be considered for scholarships depending on the applicable scholarship scheme and eligibility conditions.",S004,Added - Natural student question variation; source inherited from intent example
506,Are scholarships offered to students who are newly admitted?,scholarship,"Yes, new students may be considered for scholarships depending on the applicable scholarship scheme and eligibility conditions.",S004,Added - Natural student question variation; source inherited from intent example
507,Are scholarships available?,scholarship,Please check the university's official scholarship information for the currently available schemes.,S004,Added - Natural generic training example based on official-source intent
508,Are scholarships based on marks?,scholarship,"Some scholarships can be linked to academic marks or performance, depending on the scholarship category.",S004,Added - Natural student question variation; source inherited from intent example
509,Do scholarship awards depend on students' marks?,scholarship,"Some scholarships can be linked to academic marks or performance, depending on the scholarship category.",S004,Added - Natural student question variation; source inherited from intent example
510,Are there scholarships for sports achievements?,scholarship,"Scholarships may be available for students with recognized sports achievements, subject to the university’s eligibility requirements.",S004,Added - Natural student question variation; source inherited from intent example
511,Can students with sports achievements apply for scholarships?,scholarship,"Scholarships may be available for students with recognized sports achievements, subject to the university’s eligibility requirements.",S004,Added - Natural student question variation; source inherited from intent example
512,Can a student holding a national sports medal get a full scholarship at Galgotias University?,scholarship,"Students with gold or silver medals at the national or state level in sports are eligible for a scholarship of up to a 50% tuition fee waiver, not a full waiver, under the Sports Quota Scholarship.",S004,Verified - Official Source
513,Can entrance exam performance help with scholarships?,scholarship,"Performance in an entrance examination may be considered for certain scholarship schemes, depending on the applicable rules.",S004,Added - Natural student question variation; source inherited from intent example
514,Is performance in an entrance exam considered for scholarships?,scholarship,"Performance in an entrance examination may be considered for certain scholarship schemes, depending on the applicable rules.",S004,Added - Natural student question variation; source inherited from intent example
515,Can I get a scholarship at Galgotias University?,scholarship,"Possibly — Galgotias University offers Merit Scholarships (based on board/entrance exam performance), a Sports Quota Scholarship, Financial Aid for economically weaker students, and a scholarship category for international students. You'd need to apply and meet the relevant criteria.",S004,Verified - Official Source
516,Can I get a scholarship?,scholarship,Scholarship eligibility depends on the applicable scheme and its official conditions. Please check the current scholarship information.,S004,Added - Natural generic training example based on official-source intent
517,Can students get a tuition fee waiver?,scholarship,Eligible students may receive a tuition fee waiver or concession under certain scholarship schemes.,S004,Added - Natural student question variation; source inherited from intent example
518,Is there any option to reduce tuition fees through a scholarship?,scholarship,Eligible students may receive a tuition fee waiver or concession under certain scholarship schemes.,S004,Added - Natural student question variation; source inherited from intent example
519,Does Galgotias University give a scholarship to board toppers?,scholarship,Yes. Toppers of all Boards/Universities are eligible for a 100% tuition fee waiver under the Merit Scholarship on Admission.,S004,Verified - Official Source
520,Does Galgotias University offer a sports quota scholarship?,scholarship,"Yes. Students with gold or silver medals at the national or state level in sports, or exemplary achievement in performing arts or literature, are eligible for a scholarship (up to a 50% tuition fee waiver).",S004,Verified - Official Source
521,Does Galgotias University offer scholarships for international students?,scholarship,"Yes. Galgotias University offers a dedicated scholarship category for international students, separate from its domestic merit-based scholarships.",S004,Verified - Official Source
522,Does Galgotias University offer scholarships?,scholarship,Please refer to Galgotias University's official scholarship information for the current scholarship schemes and eligibility conditions.,S004,Added - Natural generic training example based on official-source intent
523,Does the university offer scholarships for good academic performance?,scholarship,"Yes, students with strong academic performance may be eligible for scholarships offered under merit-based schemes.",S004,Added - Natural student question variation; source inherited from intent example
524,Can good academic results help students receive a scholarship?,scholarship,"Yes, students with strong academic performance may be eligible for scholarships offered under merit-based schemes.",S004,Added - Natural student question variation; source inherited from intent example
525,Does the university provide financial support for students?,scholarship,The university may provide financial assistance through scholarships and other applicable support schemes.,S004,Added - Natural student question variation; source inherited from intent example
526,Are there any financial assistance schemes offered by the university?,scholarship,The university may provide financial assistance through scholarships and other applicable support schemes.,S004,Added - Natural student question variation; source inherited from intent example
527,How can I check whether I qualify for a scholarship?,scholarship,You should compare your academic qualifications and other conditions with the eligibility criteria of the scholarship you are interested in.,S004,Added - Natural student question variation; source inherited from intent example
528,What is the best way to find out if I am eligible for a scholarship?,scholarship,You should compare your academic qualifications and other conditions with the eligibility criteria of the scholarship you are interested in.,S004,Added - Natural student question variation; source inherited from intent example
529,How can I get a scholarship at Galgotias University?,scholarship,"To receive a scholarship, students generally need to meet the relevant eligibility conditions and complete the required application process.",S004,Added - Natural student question variation; source inherited from intent example
530,What steps should I follow to receive a scholarship at Galgotias University?,scholarship,"To receive a scholarship, students generally need to meet the relevant eligibility conditions and complete the required application process.",S004,Added - Natural student question variation; source inherited from intent example
531,How do I apply for a scholarship?,scholarship,Check the university’s current scholarship guidelines and follow the prescribed application procedure for the applicable scholarship.,S004,Added - Natural student question variation; source inherited from intent example
532,What is the procedure for submitting a scholarship application?,scholarship,Check the university’s current scholarship guidelines and follow the prescribed application procedure for the applicable scholarship.,S004,Added - Natural student question variation; source inherited from intent example
533,How do I find scholarship information?,scholarship,Please refer to Galgotias University's official scholarship information for current schemes and eligibility details.,S004,Added - Natural generic training example based on official-source intent
534,How many categories of scholarships does Galgotias University offer?,scholarship,"Galgotias University's scholarships broadly fall into four categories: Merit Scholarship, Sports Quota Scholarship, Financial Aid (Merit-cum-Means), and Scholarship for International Students.",S004,Verified - Official Source
535,Is financial aid available for students?,scholarship,"Financial assistance may be available through scholarships and other schemes, depending on the student’s eligibility.",S004,Added - Natural student question variation; source inherited from intent example
536,Can students receive financial assistance from the university?,scholarship,"Financial assistance may be available through scholarships and other schemes, depending on the student’s eligibility.",S004,Added - Natural student question variation; source inherited from intent example
537,Is the Merit Scholarship on Admission based only on Class 12 marks?,scholarship,"No. The Merit Scholarship on Admission considers Class 12 or graduation marks as well as rank/score in entrance exams such as JEE Main, UPSEE, CAT, MAT, or LSAT, depending on the programme.",S004,Verified - Official Source
538,Is the Merit-cum-Means Scholarship available to all students?,scholarship,"The Merit-cum-Means Scholarship is specifically for economically weaker or differently-abled students, assessed case-by-case based on their qualifying examination performance.",S004,Verified - Official Source
539,Is there a scholarship based on the Galgotias University Engineering Entrance Exam rank?,scholarship,Yes. Galgotias University offers GUEE-based scholarships to well-ranked candidates in its own engineering entrance exam.,S004,Verified - Official Source
540,Is there a scholarship for BTech Lateral Entry students at Galgotias University?,scholarship,Yes. BTech Lateral Entry students under University Polytechnic with a diploma CGPA of 6 or more are eligible for a 10% fee waiver on tuition fee.,S004,Verified - Official Source
541,Is there a scholarship for CAT or MAT scorers applying for MBA at Galgotias University?,scholarship,"Yes. Students scoring around the 60th-70th percentile in CAT, or 600+ marks in MAT, are eligible for a 20% tuition fee waiver.",S004,Verified - Official Source
542,Is there a scholarship for economically weaker students at Galgotias University?,scholarship,"Yes. Galgotias University offers a Merit-cum-Means Scholarship for economically weaker or differently-abled students, assessed on a case-to-case basis.",S004,Verified - Official Source
543,Is there a scholarship for LSAT-qualified students at Galgotias University?,scholarship,Yes. Meritorious LSAT-qualified students are eligible for a 20% tuition fee waiver.,S004,Verified - Official Source
544,Is there a scholarship for meritorious students at Galgotias University?,scholarship,"Yes. Galgotias University's Merit Scholarship on Admission offers tuition fee waivers ranging from 20% to 100%, based on board results, graduation marks, or entrance exam rank/score (JEE Main, UPSEE, CAT, MAT, LSAT).",S004,Verified - Official Source
545,What are the scholarship eligibility rules?,scholarship,"Eligibility rules depend on the scholarship category and may consider factors such as academic performance, achievements, or other specified conditions.",S004,Added - Natural student question variation; source inherited from intent example
546,What conditions must students meet to qualify for a scholarship?,scholarship,"Eligibility rules depend on the scholarship category and may consider factors such as academic performance, achievements, or other specified conditions.",S004,Added - Natural student question variation; source inherited from intent example
547,What do I need to know before applying for a scholarship?,scholarship,"Before applying, check the eligibility criteria, application procedure, required documents, deadlines, and conditions of the scholarship.",S004,Added - Natural student question variation; source inherited from intent example
548,What should I check before submitting a scholarship application?,scholarship,"Before applying, check the eligibility criteria, application procedure, required documents, deadlines, and conditions of the scholarship.",S004,Added - Natural student question variation; source inherited from intent example
549,What documents may be needed for a scholarship?,scholarship,"Depending on the scholarship, students may need academic records, identification documents, achievement certificates, or other supporting",S004,Added - Natural student question variation; source inherited from intent example
550,Which documents should I prepare when applying for a scholarship?,scholarship,"Depending on the scholarship, students may need academic records, identification documents, achievement certificates, or other supporting",S004,Added - Natural student question variation; source inherited from intent example
551,What financial aid is available?,scholarship,Please refer to the official scholarship and financial-aid information for current options and eligibility conditions.,S004,Added - Natural generic training example based on official-source intent
552,What is the eligibility for the BTech Lateral Entry merit scholarship?,scholarship,Applicants must have scored a CGPA of 6 or above in their diploma and be admitted through the lateral entry scheme under University Polytechnic to avail this scholarship.,S004,Verified - Official Source
553,What percentage tuition fee waiver applies for a 95% Class 12 PCM scorer at Galgotias University?,scholarship,A student scoring 93% aggregate/PCM or above in Class 12 (which includes a 95% scorer) is eligible for a 25% tuition fee waiver under the Merit Scholarship on Admission.,S004,Verified - Official Source
554,What scholarship is available for students with high Class 12 marks?,scholarship,"Students securing 93% aggregate (or PCM aggregate) and above in Class 12, or 80% marks in graduation, are eligible for a 25% tuition fee waiver.",S004,Verified - Official Source
555,What scholarship is available for UPSEE rank holders at Galgotias University?,scholarship,Students securing up to the 100th rank in UPSEE are eligible for a 50% tuition fee waiver.,S004,Verified - Official Source
556,What scholarship options are available for students?,scholarship,"Students may have access to different scholarship categories based on academic performance, achievements, or other eligibility conditions.",S004,Added - Natural student question variation; source inherited from intent example
557,What types of scholarships are offered to students?,scholarship,"Students may have access to different scholarship categories based on academic performance, achievements, or other eligibility conditions.",S004,Added - Natural student question variation; source inherited from intent example
558,What scholarships are available?,scholarship,The current scholarship schemes and conditions are listed in Galgotias University's official scholarship information.,S004,Added - Natural generic training example based on official-source intent
559,What scholarships can students get?,scholarship,Available scholarships depend on the current university schemes and the student’s qualifications and eligibility.,S004,Added - Natural student question variation; source inherited from intent example
560,Which scholarship schemes can students apply for?,scholarship,Available scholarships depend on the current university schemes and the student’s qualifications and eligibility.,S004,Added - Natural student question variation; source inherited from intent example
561,What scholarships does Galgotias University offer?,scholarship,"Galgotias University offers several scholarships, including a Merit Scholarship on Admission, a Merit Scholarship during the programme, a Merit-cum-Means Scholarship, GUEE-based scholarships, and a Sports Quota Scholarship.",S004,Verified - Official Source
562,What tuition fee waiver do JEE Main rank holders get at Galgotias University?,scholarship,"Students securing up to the 4,000th rank in JEE Main are eligible for a 50% tuition fee waiver under the Merit Scholarship on Admission.",S004,Verified - Official Source
563,When are merit scholarships renewed during the programme at Galgotias University?,scholarship,"Merit scholarships during the programme are awarded from the second year onwards, based on academic performance after the declaration of results, and are renewed for one year at a time.",S004,Verified - Official Source
564,Where can I find scholarship details?,scholarship,You can find scholarship information through the university’s official website and the relevant scholarship or admissions section.,S004,Added - Natural student question variation; source inherited from intent example
565,How can I access information about available scholarships?,scholarship,You can find scholarship information through the university’s official website and the relevant scholarship or admissions section.,S004,Added - Natural student question variation; source inherited from intent example
566,Where can I find the full list of Galgotias University scholarship criteria?,scholarship,"The complete, current scholarship criteria and tuition fee waiver percentages are listed on Galgotias University's official Scholarships page and should be confirmed there before relying on any single figure.",S004,Verified - Official Source
567,Where can I see the current scholarship schemes?,scholarship,The latest scholarship schemes should be checked through the university’s official scholarship information and current admission updates.,S004,Added - Natural student question variation; source inherited from intent example
568,Where can I check the latest scholarship schemes offered by the university?,scholarship,The latest scholarship schemes should be checked through the university’s official scholarship information and current admission updates.,S004,Added - Natural student question variation; source inherited from intent example
569,Who is eligible for a scholarship?,scholarship,"Students who satisfy the requirements of a particular scholarship scheme may be eligible, with criteria varying between different scholarship categories.",S004,Added - Natural student question variation; source inherited from intent example
570,What type of students can qualify for scholarships?,scholarship,"Students who satisfy the requirements of a particular scholarship scheme may be eligible, with criteria varying between different scholarship categories.",S004,Added - Natural student question variation; source inherited from intent example
571,Diploma admissions galgotias university merit-based?,admission,Yes. Admission to diploma programmes at Galgotias University is based on merit in the qualifying examination.,S047,Added - Keyword/fragment-style variation for typing robustness
572,Can register as new applicant?,admission,"New applicants can register through the official Galgotias University online admission portal. From there, students can create their applicant account and begin the admission process.",S001,Added - Keyword/fragment-style variation for typing robustness
573,Can new student apply admission?,admission,"A new student can apply for admission to Galgotias University by visiting the university's official website and completing the online application form. The student needs to provide the required personal and academic details, upload the necessary documents, and submit the application according to the admission instructions.",S001,Added - Keyword/fragment-style variation for typing robustness
574,Can apply programme galgotias university?,admission,"To apply for a programme at Galgotias University, visit the university's admission portal and choose your preferred programme. Complete the application with your personal and educational details, provide the required documents, and submit the form online.",S001,Added - Keyword/fragment-style variation for typing robustness
575,There online form new applicants?,admission,"Yes, Galgotias University provides an online application process for new applicants. Students can register through the university's admission portal, choose their preferred programme, and complete the application form with the required details.",S001,Added - Keyword/fragment-style variation for typing robustness
576,Students apply admission through university website?,admission,"Yes. Students can apply for admission through Galgotias University's official website. Use the Admissions section to access the online application form, enter the required information, upload the required documents, and submit the application.",S001,Added - Keyword/fragment-style variation for typing robustness
577,Do start application galgotias university?,admission,"To start your application for Galgotias University, visit the university's admission portal and register as a new applicant. After registration, select your desired programme and begin entering the required personal and academic information.",S001,Added - Keyword/fragment-style variation for typing robustness
578,Do complete university admission form?,admission,"To complete the Galgotias University admission form, select your preferred programme and enter the required personal and academic details. Upload the requested documents, check that all information is correct, and submit the completed form through the online admission portal.",S001,Added - Keyword/fragment-style variation for typing robustness
579,Galgotias university offer diploma programmes?,courses,Yes. Galgotias University offers diploma programmes through Galgotias Polytechnic and the Department of University Polytechnic.,S003,Corrected - Dataset-grounded response
580,Programmes does galgotias university offer?,courses,"Galgotias University offers a broad selection of programmes covering areas such as engineering, management, computer applications, law, science, and other subjects.",S003,Added - Keyword/fragment-style variation for typing robustness
581,Degree programmes are available?,courses,"Students can find undergraduate, postgraduate, and other degree-level programmes at Galgotias University. The available choices vary depending on the academic discipline.",S003,Added - Keyword/fragment-style variation for typing robustness
582,Postgraduate courses can study?,courses,Galgotias University provides postgraduate study options in several areas. Students can check the university's current programme list to identify master's programmes related to their chosen field.,S003,Added - Keyword/fragment-style variation for typing robustness
583,Courses are available galgotias university?,courses,"Galgotias University offers programmes across numerous academic areas. Students can explore fields such as engineering, management, computer applications, law, science, and other disciplines.",S003,Added - Keyword/fragment-style variation for typing robustness
584,Subjects can choose from university?,courses,"Students can choose from subjects and programmes offered in several fields, including technology, business, computer applications, law, science, and other areas depending on the university's current offerings.",S003,Added - Keyword/fragment-style variation for typing robustness
585,Types programmes does university have?,courses,"The university offers programmes at different academic levels, including undergraduate and postgraduate studies, along with programmes in various professional and academic fields.",S003,Added - Keyword/fragment-style variation for typing robustness
586,University offer undergraduate courses?,courses,"Yes, Galgotias University offers a range of undergraduate programmes across different fields of study, including technology, management, computer applications, law, and other disciplines.",S003,Added - Keyword/fragment-style variation for typing robustness
587,Are basic requirements apply?,eligibility,Applicants generally need to meet the educational and programme-specific eligibility conditions before applying for admission. The exact requirements depend on the selected course.,S047,Added - Keyword/fragment-style variation for typing robustness
588,Should check before applying course?,eligibility,"Before applying, check the programme's eligibility criteria, including the required qualification, subjects, minimum marks, and any other admission conditions.",S047,Added - Keyword/fragment-style variation for typing robustness
589,Are eligibility requirements admission?,eligibility,"Galgotias University has programme-specific eligibility criteria. Students should check the qualification, marks, and other conditions applicable to their chosen programme.",S047,Added - Keyword/fragment-style variation for typing robustness
590,Can confirm eligibility before applying?,eligibility,"Before submitting an application, check the eligibility section for your chosen programme and make sure your qualification and other requirements match the stated criteria.",S047,Added - Keyword/fragment-style variation for typing robustness
591,There different eligibility rules different courses?,eligibility,Yes. Eligibility requirements can vary between programmes at Galgotias University. Students should check the specific criteria for the course they wish to pursue.,S047,Added - Keyword/fragment-style variation for typing robustness
592,Do need eligible admission?,eligibility,You need to satisfy the academic requirements specified for your selected programme. Review the course eligibility details before submitting your application.,S047,Added - Keyword/fragment-style variation for typing robustness
593,Do know if am eligible?,eligibility,You can determine your eligibility by checking the admission requirements listed for your selected programme at Galgotias University.,S047,Added - Keyword/fragment-style variation for typing robustness
594,Qualifications do need admission?,eligibility,You need the educational qualification specified for your selected programme. The required qualification may differ depending on the level and field of study.,S047,Added - Keyword/fragment-style variation for typing robustness
595,Grading system does university use?,examination,Galgotias University follows an academic grading system for evaluating student performance. The applicable grades and grading method are determined according to the university's academic regulations.,S058,Added - Keyword/fragment-style variation for typing robustness
596,Do examinations work galgotias university?,examination,"Galgotias University examinations involve internal assessments, practicals where applicable, and semester-end examinations. For a theory course, the usual structure in this dataset is 100 CIE marks plus 100 Semester End Exam marks. Students must also satisfy the attendance requirement.",S058,Corrected - Dataset-grounded response
597,Happens if fail subject?,examination,"If a student does not pass a subject, they may need to take the applicable supplementary, back-paper, or repeat examination according to university rules.",S058,Added - Keyword/fragment-style variation for typing robustness
598,Are internal and end-semester marks divided?,examination,The distribution of internal assessment and end-semester examination marks depends on the course and applicable academic regulations. Students should refer to the assessment scheme for their programme.,S058,Added - Keyword/fragment-style variation for typing robustness
599,Is passing requirement course?,examination,"Under the Relative Grading System, a student passes a course by securing at least 40% of the composite score (Internal Assessment + Mid-Term + End-Semester Exam) and at least 25% in the End-Semester Exam component.",S058,Corrected - Dataset-grounded response
600,Is exam process?,examination,The examination process includes completing the required academic assessments and appearing for the examinations scheduled by the university. Specific procedures depend on the programme and semester.,S058,Added - Keyword/fragment-style variation for typing robustness
601,Can check exam schedule?,examination,You can find the examination schedule through Galgotias University's official examination information channels or student portal. Check the notices related to your programme and semester.,S058,Added - Keyword/fragment-style variation for typing robustness
602,Can check exam results?,examination,You can check your examination results through the university's designated result or student portal. Use your required login details to access the available result information.,S058,Added - Keyword/fragment-style variation for typing robustness
603,There separate exam fee?,fees,An examination-related fee may apply depending on the programme and university rules. Students should check the applicable charges in the current fee information.,S057,Added - Keyword/fragment-style variation for typing robustness
604,University fees paid every year?,fees,"Not all fees are paid every year. Tuition, examination and accidental insurance fees are generally paid annually, while the caution deposit is a one-time payment at admission.",S057,Corrected - Dataset-grounded response
605,Do check current fees before applying?,fees,"Before applying, visit the university's official website and look for the latest fee information associated with your selected programme.",S057,Added - Keyword/fragment-style variation for typing robustness
606,Galgotias university follow ugc fee refund rules?,fees,Galgotias University follows fee refund guidelines set by the UGC (University Grants Commission).,S048,Added - Keyword/fragment-style variation for typing robustness
607,Much are fees galgotias university?,fees,"Fees at Galgotias University vary by programme. Examples in this dataset are Rs. 1,64,000 per year tuition for B.Tech CSE, Rs. 92,000 for BCA, Rs. 1,10,000 for BBA and Rs. 65,000 for B.A. (Hons.) Economics. Additional programme-specific charges may apply.",S057,Corrected - Dataset-grounded response
608,Much should budget college fees?,fees,"Your budget depends on the programme and additional charges. For reference, the dataset lists annual tuition of Rs. 1,64,000 for B.Tech CSE, Rs. 92,000 for BCA, Rs. 1,10,000 for BBA and Rs. 65,000 for B.A. (Hons.) Economics.",S057,Corrected - Dataset-grounded response
609,Can check university fee structure?,fees,You can find programme-wise fee information on the official Galgotias University website. Check the details associated with your selected course.,S057,Added - Keyword/fragment-style variation for typing robustness
610,Course fees different different programmes?,fees,"Yes, the fee amount can vary depending on the programme. Students should check the fee details of their specific course before applying.",S057,Added - Keyword/fragment-style variation for typing robustness
611,Ac rooms available hostel?,hostel,"Yes. Galgotias University hostels offer both AC and non-AC room options, subject to availability and the applicable fee.",S005,Corrected - Dataset-grounded response
612,Galgotias university provide hostel facilities?,hostel,"Yes. Galgotias University provides separate on-campus hostels for boys and girls, with AC and non-AC room options. Hostel facilities include mess, power backup, laundry/housekeeping, a gym and indoor games.",S005,Corrected - Dataset-grounded response
613,There separate hostels boys and girls?,hostel,Galgotias University provides hostel accommodation arrangements for students. Students should check the latest hostel information for details about accommodation available for male and female students.,S005,Added - Keyword/fragment-style variation for typing robustness
614,Room options are available hostel?,hostel,Different room arrangements may be available depending on the hostel accommodation offered. Students should check the current room categories and availability before making a selection.,S005,Added - Keyword/fragment-style variation for typing robustness
615,Food provided hostel?,hostel,Hostel students can check the available mess and meal arrangements as part of the accommodation information. The current meal facilities should be confirmed with the university.,S005,Added - Keyword/fragment-style variation for typing robustness
616,Facilities are provided hostel?,hostel,"Hostel facilities can include accommodation and student-oriented residential services. The exact facilities depend on the hostel and room category, so students should review the current official details.",S005,Added - Keyword/fragment-style variation for typing robustness
617,There common areas hostel students?,hostel,"Hostel accommodation may include shared spaces for students. For the currently available common areas and facilities, refer to the university's official hostel information.",S005,Added - Keyword/fragment-style variation for typing robustness
618,There hostel inside campus?,hostel,Galgotias University provides student hostel facilities. Students should check the latest official accommodation information for details about the location and available residential facilities.,S005,Added - Keyword/fragment-style variation for typing robustness
619,Is last year placement rate?,placement,"The placement rate can vary by year, programme, and graduating batch. For the latest placement percentage and statistics, students should check the official Galgotias University placement reports and updates.",S006,Added - Keyword/fragment-style variation for typing robustness
620,Every student placement support?,placement,"Galgotias University provides placement-related support to eligible students, although the opportunities and assistance available can depend on the student's programme and placement requirements.",S006,Added - Keyword/fragment-style variation for typing robustness
621,Companies visit university placements?,placement,"Recruiters listed in the dataset include Infosys, TCS, Cognizant, Capgemini, Accenture, HCLTech and Coforge. The participating recruiter list can change from one placement cycle to another.",S006,Corrected - Dataset-grounded response
622,Placement services are offered students?,placement,"Placement services may include career guidance, recruitment coordination, preparation activities, and access to participating companies. The services available can vary by programme.",S006,Added - Keyword/fragment-style variation for typing robustness
623,Does placement process start?,placement,"The placement process generally involves registration with the placement function, eligibility screening, company-specific recruitment drives, assessments/interviews and selection. Galgotias University provides placement and career support through its placement-related functions.",S006,Corrected - Dataset-grounded response
624,Students help preparing placements?,placement,"Yes, students can receive career and placement guidance to help them prepare for recruitment opportunities. Preparation may include support related to employability and the hiring process.",S006,Added - Keyword/fragment-style variation for typing robustness
625,Companies included among recruiters?,placement,"Yes, companies from the information technology sector can participate in the recruitment process at Galgotias University. The actual recruiters may vary from one placement cycle to another.",S006,Added - Keyword/fragment-style variation for typing robustness
626,University have dedicated placement department?,placement,"Yes, the university has a placement and career-support function that coordinates recruitment activities and assists students during the placement process.",S006,Added - Keyword/fragment-style variation for typing robustness
627,Do need know before applying scholarship?,scholarship,"Before applying, check the eligibility criteria, application procedure, required documents, deadlines, and conditions of the scholarship.",S004,Added - Keyword/fragment-style variation for typing robustness
628,Scholarships can students?,scholarship,Available scholarships depend on the current university schemes and the student's qualifications and eligibility.,S004,Added - Keyword/fragment-style variation for typing robustness
629,Are scholarship eligibility rules?,scholarship,"Eligibility rules depend on the scholarship category and may consider factors such as academic performance, achievements, or other specified conditions.",S004,Added - Keyword/fragment-style variation for typing robustness
630,Students tuition fee waiver?,scholarship,Eligible students may receive a tuition fee waiver or concession under certain scholarship schemes.,S004,Added - Keyword/fragment-style variation for typing robustness
631,Do apply scholarship?,scholarship,"To apply for a scholarship, identify the applicable scholarship category, check its eligibility conditions, prepare the required documents, and complete the prescribed application process within the stated deadline.",S004,Corrected - Dataset-grounded response
632,Documents may needed scholarship?,scholarship,"Depending on the scholarship, students may need academic records, identification documents, achievement certificates, or other supporting",S004,Added - Keyword/fragment-style variation for typing robustness
633,Financial aid available students?,scholarship,"Financial support includes Merit-cum-Means/financial aid for eligible economically weaker or differently-abled students, along with merit, sports, entrance-exam and international-student scholarship categories.",S004,Corrected - Dataset-grounded response
634,Entrance exam performance help scholarships?,scholarship,"Performance in an entrance examination may be considered for certain scholarship schemes, depending on the applicable rules.",S004,Added - Keyword/fragment-style variation for typing robustness
